task_number,pair_id,doc_id,variant,side,outcome,preferred_variant,argument_anchored_clause_ratio,cjk_char_count,cjk_chars_per_sentence,clause_head_count,clause_heads_per_sentence,content_token_count,content_tokens_per_clause_head,content_tokens_per_sentence,coordination_relations_per_sentence,distinct_content_lemmas_per_sentence,function_to_content_ratio,long_dependency_arc_ratio,long_nominal_modifier_ratio,max_clause_heads_in_sentence,max_dependency_distance,max_nominal_modifier_chain,mean_dependency_distance,mean_nominal_modifier_span,mean_tree_depth,sentence_count,subordinate_relations_per_sentence,token_count
1,refinement-v4-10,4c4d1156bf248a78ba057cb3,original,B,original_preferred,original,0.55,155,51.666666666666664,20,6.666666666666667,62,3.1,20.666666666666668,0.3333333333333333,19.666666666666668,0.5483870967741935,0.2268041237113402,0.125,8,39,2,3.783505154639175,1.875,2.925619834710744,3,3.6666666666666665,100
1,refinement-v4-10,4c4d1156bf248a78ba057cb3,revised,A,original_preferred,original,0.6111111111111112,129,43.0,18,6.0,54,3.0,18.0,0.3333333333333333,16.666666666666668,0.48148148148148145,0.1951219512195122,0.07692307692307693,7,31,2,3.902439024390244,1.6153846153846154,2.3465346534653464,3,3.0,85
2,refinement-v4-05,7c1423cab64a9a1b24d75243,original,A,revised_preferred,revised,0.5294117647058824,142,35.5,17,4.25,64,3.764705882352941,16.0,1.5,15.25,0.390625,0.16853932584269662,0.0,7,26,2,3.191011235955056,1.7777777777777777,2.705357142857143,4,2.75,93
2,refinement-v4-05,7c1423cab64a9a1b24d75243,revised,B,revised_preferred,revised,0.7692307692307693,115,23.0,13,2.6,51,3.923076923076923,10.2,1.2,10.0,0.37254901960784315,0.16417910447761194,0.0,5,21,2,2.8507462686567164,1.7142857142857142,2.2777777777777777,5,1.6,72
3,refinement-v4-03,da81d4c0f5b616b43f9e1472,original,B,original_preferred,original,0.6896551724137931,202,40.4,29,5.8,85,2.9310344827586206,17.0,1.2,17.0,0.3411764705882353,0.24166666666666667,0.21739130434782608,8,24,2,3.6,2.217391304347826,2.616883116883117,5,3.8,125
3,refinement-v4-03,da81d4c0f5b616b43f9e1472,revised,A,original_preferred,original,0.7307692307692307,181,36.2,26,5.2,78,3.0,15.6,1.4,15.4,0.2564102564102564,0.23300970873786409,0.19047619047619047,8,24,1,3.5533980582524274,2.238095238095238,2.450381679389313,5,3.4,108
4,refinement-v4-02,e6b904412ae6774c9ee56964,original,A,revised_preferred,revised,0.5925925925925926,204,51.0,27,6.75,90,3.3333333333333335,22.5,0.75,21.0,0.34444444444444444,0.24793388429752067,0.06896551724137931,11,39,2,3.8512396694214877,1.6206896551724137,3.0866666666666664,4,4.5,125
4,refinement-v4-02,e6b904412ae6774c9ee56964,revised,B,revised_preferred,revised,0.72,191,47.75,25,6.25,88,3.52,22.0,0.75,20.75,0.26136363636363635,0.19642857142857142,0.10344827586206896,10,36,2,3.3660714285714284,1.7586206896551724,2.955223880597015,4,4.25,116
5,refinement-v4-07,fdbd90f96ec1d4752373dcf1,original,A,revised_preferred,revised,0.5,143,35.75,18,4.5,58,3.2222222222222223,14.5,0.75,14.0,0.5517241379310345,0.2857142857142857,0.23076923076923078,7,21,2,3.758241758241758,3.1538461538461537,2.2280701754385963,4,4.0,95
5,refinement-v4-07,fdbd90f96ec1d4752373dcf1,revised,B,revised_preferred,revised,0.6875,133,44.333333333333336,16,5.333333333333333,55,3.4375,18.333333333333332,1.0,17.333333333333332,0.4909090909090909,0.25,0.16666666666666666,9,25,2,3.6785714285714284,2.1666666666666665,2.1634615384615383,3,3.3333333333333335,87
6,refinement-v4-04,21129f35e0f1ae2b265bb287,original,A,revised_preferred,revised,0.6521739130434783,188,47.0,23,5.75,67,2.9130434782608696,16.75,0.5,14.5,0.7313432835820896,0.17647058823529413,0.18181818181818182,9,27,1,3.277310924369748,1.8181818181818181,2.6204379562043796,4,4.0,123
6,refinement-v4-04,21129f35e0f1ae2b265bb287,revised,B,revised_preferred,revised,0.7692307692307693,125,41.666666666666664,13,4.333333333333333,51,3.923076923076923,17.0,0.0,14.666666666666666,0.45098039215686275,0.19736842105263158,0.21428571428571427,6,29,2,3.4473684210526314,2.0,2.1739130434782608,3,2.6666666666666665,79
7,refinement-v4-09,a174fe26e705b96c18acb00e,original,B,tie_or_neither,,0.8,154,77.0,15,7.5,68,4.533333333333333,34.0,2.5,32.0,0.29411764705882354,0.23300970873786409,0.10714285714285714,8,54,2,4.203883495145631,2.142857142857143,3.2777777777777777,2,4.0,105
7,refinement-v4-09,a174fe26e705b96c18acb00e,revised,A,tie_or_neither,,0.75,138,69.0,12,6.0,62,5.166666666666667,31.0,3.5,29.0,0.25806451612903225,0.2087912087912088,0.08333333333333333,7,53,2,5.021978021978022,1.8333333333333333,2.7410714285714284,2,3.0,93
8,refinement-v4-06,398d56824414e91464ffc3d8,original,A,revised_preferred,revised,0.7333333333333333,137,22.833333333333332,15,2.5,53,3.533333333333333,8.833333333333334,1.1666666666666667,8.833333333333334,0.5471698113207547,0.2441860465116279,0.3333333333333333,5,13,2,3.244186046511628,2.7333333333333334,2.1574074074074074,6,2.3333333333333335,92
8,refinement-v4-06,398d56824414e91464ffc3d8,revised,B,revised_preferred,revised,0.75,121,30.25,16,4.0,50,3.125,12.5,2.0,12.0,0.42,0.21052631578947367,0.16666666666666666,6,25,2,3.013157894736842,2.1666666666666665,2.1847826086956523,4,2.75,80
9,refinement-v4-08,ee642b95d3e1e32aea9e8ccf,original,B,original_preferred,original,0.64,187,26.714285714285715,25,3.5714285714285716,75,3.0,10.714285714285714,0.2857142857142857,10.285714285714286,0.5066666666666667,0.15702479338842976,0.13043478260869565,11,19,2,2.8181818181818183,2.347826086956522,2.296551724137931,7,2.0,128
9,refinement-v4-08,ee642b95d3e1e32aea9e8ccf,revised,A,original_preferred,original,0.6521739130434783,160,32.0,23,4.6,65,2.8260869565217392,13.0,0.6,12.6,0.4461538461538462,0.13333333333333333,0.058823529411764705,10,20,2,2.8285714285714287,1.9411764705882353,2.3306451612903225,5,3.0,110
10,refinement-v4-01,ddb4214a54ff80efa0f5b210,original,B,original_preferred,original,0.46875,238,79.33333333333333,32,10.666666666666666,89,2.78125,29.666666666666668,6.0,24.666666666666668,0.7415730337078652,0.2484076433121019,0.19230769230769232,27,104,3,4.910828025477707,2.769230769230769,3.099476439790576,3,4.666666666666667,160
10,refinement-v4-01,ddb4214a54ff80efa0f5b210,revised,A,original_preferred,original,0.5757575757575758,195,65.0,33,11.0,82,2.484848484848485,27.333333333333332,6.0,25.666666666666668,0.5,0.2,0.2777777777777778,16,65,2,3.92,3.6666666666666665,2.8451612903225807,3,5.0,128
