feature,family,pre_huber_location,post_huber_location,robust_effect_post_minus_pre,unweighted_hedges_g,direction_matches_unweighted,translation_removed_robust_effect,translation_removed_direction_consistent,pre_effective_n,post_effective_n,minimum_effective_fraction,loo_direction_stability,permutation_p_value,q_value,ranking_score
surface_punctuation_entropy_bits,punctuation,2.3392992542411615,3.2003225427846904,2.751148771279442,1.6962819825083293,True,3.1400012484432085,True,9.689597353381538,9.593471443505983,0.9593471443505983,1.0,0.0007998400319936012,0.1287742451509698,2.63930671741059
syntax_adjacent_noun_jaccard_mean,dependency_syntax,0.08888152667467547,0.05010393470713332,-2.8827722584821696,-0.7479280358739865,True,-2.889748601749358,True,9.787005566765504,8.181514717575343,0.8181514717575343,1.0,0.024795040991801638,0.3268884684601541,2.358544366018978
surface_punctuation_density,punctuation,0.07866447076820357,0.10202728396256111,2.3595385064408405,2.0835766792372516,True,2.1757207162859524,True,9.35466267397112,10.0,0.935466267397112,1.0,0.0015996800639872025,0.1287742451509698,2.2072686793999696
graph_mean_adjacent_bridge_weight,discourse_graph,0.07112399295938597,0.04675741443119626,-1.876409749964564,-0.8383692023984302,True,-1.4814781941288193,True,9.93781648466405,9.232145400698235,0.9232145400698235,1.0,0.026394721055788842,0.3268884684601541,1.7323287642960674
syntax_adjacent_content_jaccard_mean,dependency_syntax,0.06818180063395399,0.045450678141885484,-1.8191866278448594,-0.9828528575714105,True,-1.1920659596561893,True,10.0,9.205930079715104,0.9205930079715104,1.0,0.01759648070385923,0.3268884684601541,1.6747304897892479
surface_colon_density,punctuation,0.0018766360142618164,0.0056917801292939475,1.613840254404132,1.12759128434917,True,1.4876391620280731,True,9.67627734158117,9.91067844474071,0.967627734158117,1.0,0.012997400519896021,0.3268884684601541,1.5615965886622292
title_cjk_char_count,title_form,15.125000000047454,21.833333333293616,1.6804346781620607,1.2746218475489077,True,1.5655952982778456,True,9.968998606636639,8.74966474749757,0.8749664747497571,1.0,0.0057988402319536095,0.31120442578151036,1.4703240063987009
hypothesis_emphatic_frames_per_1k_cjk,rhetorical_hypothesis,0.24005851904331205,0.7883407195131382,1.621463417054177,0.7747713125059748,True,1.522209343485266,True,9.041905848622658,8.837747796519471,0.8837747796519471,1.0,0.018196360727854428,0.3268884684601541,1.4330084741207485
surface_dash_density,punctuation,0.0013107201655276563,0.00893889366249158,1.4243808023299853,1.5764157711442348,True,1.4064287037024965,True,10.0,9.999697488794395,0.9999697488794395,1.0,0.013397320535892822,0.3268884684601541,1.42433771321461
hypothesis_complete_contrast_frames_per_1k_sentences,rhetorical_hypothesis,0.0,13.412354959005226,1.5124992191432478,0.814836901171905,True,0.7943019854796457,True,10.0,9.283186019890401,0.9283186019890401,1.0,0.033193361327734455,0.33400819836032797,1.4040811606245747
syntax_lexical_mattr,token_and_lexical,0.7348196550353342,0.772648635903178,1.4045467958306468,1.1266712063708637,True,1.3107634805484478,True,10.0,9.805157079958791,0.9805157079958791,1.0,0.013197360527894421,0.3268884684601541,1.37718019592723
surface_cjk_char_mattr,character_composition,0.44656824108716037,0.47575089048192265,1.3700004522824052,0.73692769232865,True,1.7463488373364926,True,9.811016506304663,9.1583586410414,0.91583586410414,1.0,0.023595280943811237,0.3268884684601541,1.254695548039119
surface_question_sentence_ratio,document_structure,0.009129552271007995,0.08514884469837732,1.6766716325580824,0.40415065889673485,True,1.7628886159024717,True,7.476124800200939,9.973359725761863,0.7476124800200938,1.0,0.021595680863827234,0.3268884684601541,1.2535006373960875
syntax_max_tree_depth,dependency_syntax,7.6529874999904655,9.180974999990152,1.3036343548537814,0.7545496423488283,True,1.325691867704729,True,9.428494222017996,9.28848584765401,0.9288485847654011,1.0,0.03119376124775045,0.33400819836032797,1.2108789255574917
deprel_compound_ratio,dependency_relation,0.030219163513090876,0.02329032001512518,-1.2780981244104643,-0.6887300963675332,True,-1.044103450073591,True,9.438969397130204,9.866544360504587,0.9438969397130205,1.0,0.02519496100779844,0.3268884684601541,1.2063929082839886
surface_quote_mark_density,punctuation,0.0035405309351813365,0.010549567612735204,1.2621924411484897,0.8810138204844468,True,1.0218901576603605,True,9.449575456906919,9.96136210992511,0.9449575456906919,1.0,0.05878824235152969,0.4507098580283943,1.19271827137702
surface_mean_paragraph_cjk_chars,document_structure,61.03461834078853,36.862718917442265,-1.2128060867863013,-0.8096162040827874,True,-1.177937632871805,True,9.939426074520656,9.491342631081833,0.9491342631081834,1.0,0.047390521895620874,0.4100443069280881,1.1511158114750355
syntax_max_nonleaf_branching,dependency_syntax,9.567994444444302,11.0,1.221745360197165,0.5286211672114612,True,1.221745360197165,True,9.548284818225973,9.06709111693345,0.9067091116933449,1.0,0.041991601679664065,0.3976851688485832,1.1077676502598373
deprel_punct_ratio,dependency_relation,0.13182009356228086,0.15634463362837642,1.0616949045601949,1.2171744193782668,True,1.0028165774058477,True,9.874989727818743,10.0,0.9874989727818744,1.0,0.04839032193561288,0.4100443069280881,1.0484226276609425
upos_punct_ratio,universal_pos,0.13182009356228086,0.15599157890048249,1.0407882448676125,1.1902320171378065,True,1.0065621774465914,True,9.874989727818743,10.0,0.9874989727818744,1.0,0.05378924215156969,0.433003399320136,1.0277773226902172
upos_part_ratio,universal_pos,0.06791943263359833,0.05598083060738215,-1.040214617719926,-0.883040847180593,True,-0.9870613640861855,True,9.977513151697101,9.874216907595466,0.9874216907595466,1.0,0.029994001199760048,0.33400819836032797,1.0271304765818048
hypothesis_meta_frames_per_1k_cjk,rhetorical_hypothesis,0.026365835699965735,0.34723801689050887,1.0956050992564739,0.5713246383887112,True,1.2214141925333446,True,9.349808518456655,9.999971807614708,0.9349808518456655,1.0,0.08478304339132174,0.5497669696829866,1.024369788989273
graph_proposition_restatement_ratio,discourse_graph,0.12452645679168516,0.08751167111945186,-0.9841615879527587,-0.935783520290682,True,-0.8817753069654737,True,9.88490289231221,9.89683128195768,0.9884902892312211,1.0,0.06718656268746251,0.4916834814855211,0.9728341727256802
surface_cjk_char_entropy_bits,character_composition,7.967970701382954,8.225870861632517,0.9664765258955863,0.8173166737557019,True,0.809204566908283,True,9.999590725143776,9.886768791647583,0.9886768791647583,1.0,0.07598480303939212,0.5318936212757448,0.955532995408446
surface_paragraph_count,document_structure,47.82846249978497,100.84152142828142,1.0231906908436172,0.8832096992450026,True,0.7636143600023181,True,9.965536860617883,9.23874204215137,0.9238742042151371,1.0,0.1321735652869426,0.6078144371125774,0.9452994852634833
syntax_clause_relations_per_sentence,dependency_syntax,3.4356829984457367,2.769555876262156,-0.8575665484371088,-0.8050788487810576,True,-0.8002800784402218,True,9.93530954847869,9.928389150221207,0.9928389150221207,1.0,0.11357728454309138,0.5734478104379124,0.851425441509564
surface_url_count_per_1000_cjk,character_composition,0.044208112874704504,0.2771981794859666,0.9207180407340086,0.3793591655052927,True,1.0520957908663346,True,9.349808518456655,9.08254390959747,0.908254390959747,1.0,0.10977804439112178,0.5734478104379124,0.8362462033325185
discourse_causal_markers_per_10k_cjk,discourse_and_stance,11.230652400878764,5.860948959898923,-0.8875906606144952,-0.44962608983163554,True,-1.0899749980717388,True,9.663724404509852,9.362302457461848,0.9362302457461847,1.0,0.11377724455108978,0.5734478104379124,0.8309892223091273
graph_mainline_detour_ratio,discourse_graph,0.09729350652006526,0.13541956873487168,0.834313440339915,0.5045624434233998,True,0.6731420674083689,True,9.861783997842446,9.794582266175585,0.9794582266175584,1.0,0.08878224355128975,0.5497669696829866,0.8171751627185272
deprel_obl_ratio,dependency_relation,0.029027930105939837,0.023564897573479706,-0.8173411099128022,-0.8728103958590638,True,-0.8224989491701789,True,9.98693117273013,9.98755307670255,0.9986931172730131,1.0,0.11397720455908818,0.5734478104379124,0.8162729409342009
deprel_acl_ratio,dependency_relation,0.021752121526986322,0.01875582805054804,-0.8109102243376438,-0.855074673367321,True,-0.6934375329725073,True,10.0,10.0,1.0,1.0,0.10697860427914417,0.5734478104379124,0.8109102243376438
surface_non_whitespace_char_count,character_composition,3183.4,5645.572424992625,0.8174363476586698,0.7856808307355332,True,0.646555507952813,True,10.0,9.391294822452625,0.9391294822452625,1.0,0.14257148570285944,0.6078144371125774,0.7676785739451449
surface_period_density,punctuation,0.01980011157677249,0.024366316394349,0.7764562262896586,0.8874277664909823,True,0.779068729890118,True,9.869247053568678,10.0,0.9869247053568678,1.0,0.2019596080783843,0.6213964754218968,0.7663038323534268
surface_char_count,character_composition,3433.9,6054.231887491998,0.8152212546398793,0.7794918057712085,True,0.6405457659558086,True,10.0,9.388134214276903,0.9388134214276903,1.0,0.14777044591081784,0.6078144371125774,0.7653406552890394
surface_paragraph_opening_repeat_ratio,repetition_and_regularity,0.024171882521338606,0.05352150896325491,0.8952234358841908,0.1356507744202261,True,0.8884657416103333,True,8.51570213513904,9.475782822157019,0.851570213513904,1.0,0.19536092781443712,0.6167276348651839,0.7623456124385511
surface_long_paragraph_ratio,document_structure,0.015741023840469767,0.00012814928375461682,-0.8009210653886144,-0.8011908388586486,True,-0.8078092191730449,True,9.657604192424918,9.34980851843056,0.934980851843056,1.0,0.08678264347130574,0.5497669696829866,0.7488458599760947
title_exclamation_present,title_form,0.02088833333163447,0.24170785711798115,0.7879477634172232,0.46919803523734116,True,0.45598401527159704,True,9.349808518456122,9.84076822018661,0.9349808518456122,1.0,0.5798840231953609,0.88487162380608,0.7367160710496802
hypothesis_referential_sentence_opening_ratio,rhetorical_hypothesis,0.09102477561465572,0.1307783567340144,0.7562036812977304,0.6176980968898387,True,0.5603324488936358,True,9.994410326895606,9.664223131599616,0.9664223131599616,1.0,0.15176964607078583,0.6078144371125774,0.730812110899831
discourse_booster_markers_per_10k_cjk,discourse_and_stance,3.054633720560513,1.0200726509994567,-0.9050079010473314,-0.3123186031018702,True,-0.43371706286957207,True,9.691330455330158,7.9990241894627445,0.7999024189462745,1.0,0.10377924415116976,0.5734478104379124,0.723918009213251
title_colon_present,title_form,0.09399749999541429,0.4,0.7720935687546283,0.4063374179212837,True,0.8113761010213643,True,9.343800647798382,10.0,0.9343800647798381,1.0,0.6344731053789242,0.8947234553089383,0.7214288387890461
syntax_lexical_token_entropy_bits,token_and_lexical,8.148972430123559,8.549218983991214,0.7249923934847786,0.7639411631595773,True,0.5944486441003647,True,9.9201409647515,10.0,0.99201409647515,1.0,0.16696660667866425,0.6078144371125774,0.7192026741741591
upos_propn_ratio,universal_pos,0.01755098843328088,0.007778182688573523,-0.7198948148617043,-0.7629983668700071,True,-0.7120618135484845,True,10.0,9.828629957797878,0.9828629957797878,1.0,0.21995600879824034,0.6438712257548491,0.7075579743813103
surface_semicolon_density,punctuation,0.001619708110268272,0.0008689877409229198,-0.7647549786033015,-0.5253854963628932,True,-0.5276720677982102,True,9.385169347564263,9.235556005903918,0.9235556005903918,1.0,0.28394321135772843,0.7373364036870044,0.7062937435684644
upos_adp_ratio,universal_pos,0.048282822707519574,0.04135489950405196,-0.7434047125067984,-0.3235350172009743,True,-0.523728074955102,True,9.9230070717625,9.494084566755088,0.9494084566755088,1.0,0.16416716656668667,0.6078144371125774,0.7057947207863797
surface_cjk_char_count,character_composition,2271.6,3771.7644374900747,0.7222657530917563,0.7108062892106554,True,0.5130769702654645,True,10.0,9.62398117741818,0.962398117741818,1.0,0.15876824635072986,0.6078144371125774,0.695107201284883
hypothesis_abstract_shells_per_1k_cjk,rhetorical_hypothesis,5.941932734964644,8.936182341069966,0.7128286975245764,0.7479657905085852,True,0.750976470710443,True,9.995842510638823,9.674596895270739,0.9674596895270738,1.0,0.1887622475504899,0.6078144371125774,0.6896330303931152
surface_comma_density,punctuation,0.045377478638199874,0.03947748094271704,-0.7704415618632813,-0.47676847909763337,True,-0.8462870737623625,True,9.851807631468489,8.910547376697622,0.8910547376697622,1.0,0.16976604679064186,0.6078144371125774,0.6865056037959679
syntax_token_count,dependency_syntax,1793.1,3028.943462489192,0.7348458054412531,0.7492893222981982,True,0.5360978310129738,True,10.0,9.31521113208873,0.9315211132088731,1.0,0.15496900619876025,0.6078144371125774,0.6845243827215071
graph_abstract_shell_count_per_100_cjk,discourse_graph,0.5941932734983915,0.8920443934843101,0.695653715980267,0.737738044675134,True,0.7179332757066343,True,9.999880752006783,9.80348987824907,0.9803489878249071,1.0,0.1861627674465107,0.6078144371125774,0.6819834163378902
graph_largest_component_sentence_coverage,discourse_graph,0.987010807558183,0.9713624943806275,-0.6898160156215332,-0.7228450718228469,True,-0.6547357020276808,True,10.0,9.882812151158362,0.9882812151158362,1.0,0.23635272945410918,0.6449625329171453,0.6817322101248134
title_body_cjk_type_overlap,title_form,0.9889030729226232,0.9556755651779547,-0.7255677235453243,-0.47169673765092546,True,-0.7801492810603624,True,9.346324780556127,9.718851491635565,0.9346324780556128,1.0,0.22795440911817635,0.6449625329171453,0.6781391594543362
deprel_case_ratio,dependency_relation,0.07872903222504905,0.06888436532854701,-0.6878915210381357,-0.49132035741236546,True,-0.4538334822729083,True,9.92596524728073,9.85131232985161,0.9851312329851609,1.0,0.1865626874625075,0.6078144371125774,0.6776634222803364
graph_zero_adjacent_bridge_ratio,discourse_graph,0.24025903186465064,0.38442806261783674,0.6660500783845543,0.8242720858990746,True,0.5310174923094834,True,10.0,10.0,1.0,1.0,0.17556488702259548,0.6078144371125774,0.6660500783845543
upos_verb_ratio,universal_pos,0.15669084835185482,0.1495049903438256,-0.6760877116030418,-0.39949451019196247,True,-0.6778935884912395,True,9.711745017040709,9.723240647697919,0.9711745017040709,1.0,0.23635272945410918,0.6449625329171453,0.6565991464243297
syntax_sentence_count,dependency_syntax,59.8,113.04136249975235,0.7028847372755387,0.72733466500709,True,0.48966061866292965,True,10.0,9.215304778882563,0.9215304778882564,1.0,0.20455908818236354,0.6213964754218968,0.6477297078418887
syntax_lexical_token_count,token_and_lexical,1561.1,2555.737137486041,0.6933586248634325,0.7290162530927792,True,0.4887396247872718,True,10.0,9.340105398373051,0.9340105398373051,1.0,0.17236552689462106,0.6078144371125774,0.647604263509546
surface_parenthesis_density,punctuation,0.0036516415566601418,0.006565711823550492,0.6487179687614456,0.6305680206964349,True,0.7771343673675114,True,9.908912881760962,10.0,0.9908912881760962,1.0,0.18496300739852028,0.6078144371125774,0.6428089837290094
deprel_parataxis_ratio,dependency_relation,0.017413977943260536,0.013249242176283108,-0.6343949051530534,-0.7600999252237504,True,-0.5801428296545627,True,10.0,9.95802600194192,0.9958026001941921,1.0,0.15536892621475704,0.6078144371125774,0.6317320961013585
discourse_contrast_markers_per_10k_cjk,discourse_and_stance,6.293374829445483,1.9224363045905968,-0.6902826891720528,-0.6400124724576567,True,-0.5617924369932782,True,10.0,9.096419180251981,0.9096419180251981,1.0,0.17036592681463708,0.6078144371125774,0.6279100693580578
surface_sentence_count,document_structure,60.6,112.94434999985774,0.6807218256798766,0.7165843188892271,True,0.4725544409763432,True,10.0,9.156182774115853,0.9156182774115853,1.0,0.21995600879824034,0.6438712257548491,0.6232813454254781
graph_isolated_sentence_ratio,discourse_graph,0.012989192441816922,0.02716363801192578,0.6277735964734718,0.6891689833361959,True,0.6567211507395556,True,10.0,9.869273691967981,0.9869273691967981,1.0,0.2553489302139572,0.6739537338433953,0.6195669440187759
deprel_dislocated_ratio,dependency_relation,0.00016556778639049716,0.00033316414596817906,0.6428240696626469,0.6086459615390672,True,0.05193957572546389,True,9.962718893396284,9.295952362384314,0.9295952362384314,1.0,0.5490901819636073,0.8840351929614078,0.5975661928977982
deprel_appos_ratio,dependency_relation,0.008534092749687297,0.011615497092702293,0.6126699636477482,0.5597197311626683,True,0.6463785300753145,True,9.718074200785944,9.738047953312321,0.9718074200785944,1.0,0.33513297340531895,0.8053195331083037,0.5953972167321644
syntax_second_person_pronoun_ratio,token_and_lexical,0.0004827911518987929,0.0029219778273824296,0.6406172498129783,0.6095813348308645,True,0.42727823626866984,True,9.243622232460268,9.611622134851439,0.9243622232460268,1.0,0.1757648470305939,0.6078144371125774,0.5921623852868799
syntax_subordinate_relation_ratio,dependency_syntax,0.10025574108988453,0.09254435450083107,-0.5495576493965717,-0.6646106141388858,True,-0.732062878634155,True,10.0,10.0,1.0,1.0,0.23315336932613479,0.6449625329171453,0.5495576493965717
discourse_all_markers_per_10k_cjk,discourse_and_stance,44.257793618067865,33.57176635704851,-0.5591801086226218,-0.6257843430581826,True,-0.6398121396418456,True,9.472581041916937,10.0,0.9472581041916938,1.0,0.2509498100379924,0.6733819902686129,0.5296878895955701
deprel_cop_ratio,dependency_relation,0.010233831428248404,0.007906651646178271,-0.5503292904764453,-0.201445668358242,True,-0.9027607878395542,True,9.969063624364995,9.356570820925626,0.9356570820925626,1.0,0.41571685662867425,0.8786310153699598,0.5149194981172611
discourse_summary_markers_per_10k_cjk,discourse_and_stance,0.0,0.23808943185444423,0.5303300858634566,0.5804882557239354,True,0.26516504294281873,True,10.0,9.453309200118353,0.9453309200118353,1.0,0.45570885822835433,0.8786310153699598,0.5013374279792571
surface_exact_sentence_repeat_ratio,repetition_and_regularity,0.0,0.0008578075700567381,0.5303300846020753,0.5908273732934088,True,0.265165042863126,True,10.0,9.438347878692575,0.9438347878692575,1.0,0.4807038592281544,0.8786310153699598,0.5005439829010851
upos_sym_ratio,universal_pos,0.0,1.9992629799262513e-05,0.5303300454304735,0.6291753300488655,True,0.26516503981098416,True,10.0,9.368412032591705,0.9368412032591704,1.0,0.47030593881223753,0.8786310153699598,0.49683503788557526
discourse_metadiscourse_markers_per_10k_cjk,discourse_and_stance,0.0,0.29077268944651014,0.5303300858865133,0.6316645763797477,True,0.6060915267248375,True,10.0,9.36375111136492,0.936375111136492,1.0,0.47170565886822635,0.8786310153699598,0.49658789311100926
syntax_dependency_distance_max,dependency_syntax,90.8,73.89371249994568,-0.5327607950119575,-0.24207051962534573,True,-0.34106740371464783,True,10.0,9.234841716284949,0.9234841716284949,1.0,0.52249550089982,0.8803953495015282,0.491996161457756
upos_num_ratio,universal_pos,0.031439149447835005,0.03547336544557253,0.5158240373945212,0.24943223799387879,True,0.495635305452924,True,9.467461156095453,9.664291823654445,0.9467461156095454,1.0,0.3153369326134773,0.7775232832221434,0.4883544037412958
discourse_hedge_markers_per_10k_cjk,discourse_and_stance,9.92736380225999,15.943015886661524,0.49530441591705326,0.37472292781369837,True,0.38454177386400573,True,9.784814341645532,10.0,0.9784814341645532,1.0,0.3187362527494501,0.7775232832221434,0.48464617523455467
syntax_mean_sentence_tokens,dependency_syntax,34.651718759941126,30.255906611655757,-0.48375434353466473,-0.4830520345831934,True,-0.34851735204859396,True,9.999979664715399,10.0,0.9999979664715399,1.0,0.3089382123575285,0.7771726904619076,0.48375335980643946
deprel_discourse_ratio,dependency_relation,0.002728998233932821,0.0016952143269951191,-0.520900411595789,-0.3065795239838148,True,-0.9827224627847508,True,9.450334344157756,9.240440804892,0.9240440804892,1.0,0.6740651869626075,0.8947234553089383,0.4813349418594767
deprel_amod_ratio,dependency_relation,0.02138399909247747,0.025473771030325894,0.46499166432062816,0.5555513465066844,True,0.6925091410468677,True,10.0,10.0,1.0,1.0,0.2991401719656069,0.764469328356551,0.46499166432062816
surface_list_item_ratio,document_structure,0.0029146511625536423,0.011529735442896386,0.6134586580069387,0.4944606205608258,True,1.1114487734957905,True,9.349808518456122,7.579053586124077,0.7579053586124077,1.0,0.4305138972205559,0.8786310153699598,0.46494360419063524
syntax_median_sentence_tokens,dependency_syntax,28.473899999949378,25.616491666676858,-0.4670087838709317,-0.5185126186846444,True,-0.3517216376466968,True,9.872670112184128,9.999734406400396,0.9872670112184128,1.0,0.35792841431713657,0.847448157427338,0.4610623662650004
syntax_passive_relation_ratio,dependency_syntax,0.0013688305234920081,0.00234472627119421,0.46540383198937674,0.46013931154956395,True,0.509079298955442,True,9.8315322379051,9.774359180391192,0.9774359180391192,1.0,0.5068986202759448,0.8803953495015282,0.45490242177946044
deprel_ccomp_ratio,dependency_relation,0.023580295799245803,0.02171157400433016,-0.48794219941423167,-0.3768275880656816,True,-0.68505818697103,True,9.410827819120447,9.229780611037,0.9229780611037001,1.0,0.393121375724855,0.8786310153699598,0.4503599451460225
surface_exact_paragraph_repeat_ratio,repetition_and_regularity,0.017294603164888317,0.04230897558501541,0.540583720736882,0.1470794275216986,True,0.10516015013957423,True,8.255776194750245,9.865162117257256,0.8255776194750245,1.0,0.6786642671465707,0.8947234553089383,0.44629382129290646
discourse_framing_markers_per_10k_cjk,discourse_and_stance,6.654103274855442,2.896508370561643,-0.4815174380937649,-0.14986170563680296,True,-0.5754927932007597,True,10.0,8.895266914543058,0.8895266914543057,1.0,0.5844831033793242,0.88487162380608,0.42832261358510015
deprel_nummod_ratio,dependency_relation,0.028474357628916314,0.0318048958798576,0.43582466869288133,0.13275991884098978,True,0.2357360886499936,True,9.732146691992583,9.843984723282457,0.9732146691992583,1.0,0.3633273345330934,0.847763780577218,0.4241509607708188
graph_unsupported_explicit_edge_ratio,discourse_graph,0.16508484845827673,0.2649029371532775,0.5015270492986478,0.022246405482088248,True,0.3658115906382093,True,8.837222670278122,9.736563135119669,0.8837222670278122,0.95,0.531493701259748,0.8803953495015282,0.4210500899328718
surface_mean_sentences_per_paragraph,document_structure,1.741305718983024,1.5953312073236652,-0.4347481702485106,-0.40789141257898087,True,-0.9393411570495048,True,9.404855084924309,9.95785580606284,0.9404855084924308,1.0,0.374125174965007,0.8604879024195161,0.40887435396232436
upos_cconj_ratio,universal_pos,0.014073216386233146,0.011849907203068761,-0.4176970850701141,-0.10134060965843747,True,-0.23236002763156738,True,9.978991526728537,9.63916935400447,0.9639169354004469,1.0,0.4179164167166567,0.8786310153699598,0.4026252941664841
graph_ungrounded_abstract_shell_ratio,discourse_graph,0.006215963701141495,0.015867602412750273,0.42367955460397466,0.23978504075771231,True,0.35936247790648995,True,9.464209680856484,9.648226974696263,0.9464209680856485,1.0,0.5358928214357128,0.8803953495015282,0.40097921422639005
upos_adv_ratio,universal_pos,0.030805403115443383,0.0357705336846457,0.39280606228768217,0.3912258650719409,True,0.14806629861367848,True,9.998287643339674,9.98920456847177,0.998920456847177,1.0,0.48570285942811436,0.8786310153699598,0.3923820111927521
title_ascii_letter_ratio,title_form,0.1876010698657691,0.2502605598615915,0.3924031839369693,0.14985483673800148,True,0.3838302972959293,True,9.716225623589187,9.982714682290297,0.9716225623589188,1.0,0.4227154569086183,0.8786310153699598,0.38126778705463626
graph_mean_proposition_argument_count,discourse_graph,0.9832335784217744,0.963898973834853,-0.38742348471326776,-0.19746508583292,True,-0.5406884464261006,True,9.818222780388954,9.900131210399142,0.9818222780388954,1.0,0.42291541691661666,0.8786310153699598,0.3803810083269477
deprel_iobj_ratio,dependency_relation,0.0004964278615321365,0.00034586651929689516,-0.39236210225400914,-0.142221784373145,True,-0.3514892992408898,True,9.957566404391953,9.604797854011942,0.9604797854011942,1.0,0.4533093381323735,0.8786310153699598,0.3768558677724921
deprel_cc_ratio,dependency_relation,0.01415188219337003,0.01209515763886646,-0.3794638491211981,-0.08630101764077858,True,-0.2139995184284002,True,9.981579156977793,9.657867078992348,0.9657867078992348,1.0,0.45970805838832235,0.8786310153699598,0.3664811416095339
discourse_directive_markers_per_10k_cjk,discourse_and_stance,25.491865441411296,20.191104284999113,-0.38586106602522885,-0.13268931393632882,True,-0.6534226462973635,True,9.870772212177616,9.412925664660097,0.9412925664660097,1.0,0.47370525894821036,0.8786310153699598,0.3632081531381981
syntax_mean_root_relative_position,dependency_syntax,0.43510444866940745,0.45769375070639035,0.3778241802666126,0.38368893642869817,True,0.5070699561089901,True,9.588379724627973,9.978164399446705,0.9588379724627973,1.0,0.4451109778044391,0.8786310153699598,0.36227217095425723
deprel_det_ratio,dependency_relation,0.01593775131444165,0.01930750430827575,0.35916157909039675,0.35275905469741253,True,0.2002947269994443,True,9.999075716994282,10.0,0.9999075716994282,1.0,0.5122975404919016,0.8803953495015282,0.35912838239601075
title_digit_present,title_form,0.24170785711798115,0.4,0.35723114223386393,0.19154929577464797,True,0.1802017135813354,True,9.84076822018661,10.0,0.9840768220186609,1.0,1.0,1.0,0.35154288717559706
deprel_xcomp_ratio,dependency_relation,0.02015505432199748,0.017857845111532676,-0.34631970486019376,-0.3969837839408772,True,-0.49291249816566574,True,10.0,9.98454665500358,0.998454665500358,1.0,0.43331333733253347,0.8786310153699598,0.34578452507236745
title_question_present,title_form,0.09399749999541429,0.02088833333163447,-0.3689323936717429,-0.2569903478365956,True,-0.33481637460335056,True,9.343800647798382,9.349808518456122,0.9343800647798381,1.0,1.0,1.0,0.3447230738983839
syntax_dependency_distance_cv,dependency_syntax,1.6534706638380177,1.560858709627489,-0.4372638665472303,-0.3500847071706787,True,-0.39759492367859106,True,9.92250040696246,9.829249459586885,0.9829249459586885,0.8,0.5208958208358329,0.8803953495015282,0.34383804991649886
surface_cjk_ratio,character_composition,0.7161847387873951,0.6744508413023431,-0.34268601159051193,-0.49561303126391104,True,-0.31652482883906013,True,9.999735862356465,9.537200939652339,0.9537200939652338,1.0,0.4575084983003399,0.8786310153699598,0.32682653517467425
upos_adj_ratio,universal_pos,0.03287300173559137,0.03583937786852643,0.3282756070003616,0.25158967819727784,True,0.36505125459761373,True,9.817147850012056,9.987098056495725,0.9817147850012056,1.0,0.6224755048990201,0.8947234553089383,0.32227301694750027
surface_short_paragraph_ratio,document_structure,0.25873949693232445,0.2925306410113594,0.3445310399551716,0.4248537544089667,True,0.44703120050724304,True,9.845970161840992,9.353186892878906,0.9353186892878906,1.0,0.5782843431313738,0.88487162380608,0.322246320709865
surface_mean_sentence_cjk_chars,document_structure,40.17640357580681,37.11288859279034,-0.33202908716511637,-0.4151607584422416,True,-0.09499522123490275,True,9.634375683169981,9.8756825026738,0.9634375683169981,1.0,0.49250149970005996,0.8803953495015282,0.3198892963488723
surface_paragraph_length_cv,document_structure,0.8030470701988297,0.8867963922331406,0.33200194078230194,0.21590321383436997,True,0.2097672566232873,True,9.609149499879361,9.782972401673494,0.9609149499879361,1.0,0.5706858628274345,0.88487162380608,0.3190256283227234
deprel_root_ratio,dependency_relation,0.03094657484131751,0.03383264651752728,0.3229373591726511,0.44390773065897066,True,0.0735070753113934,True,10.0,9.769253126564653,0.9769253126564653,1.0,0.530493901219756,0.8803953495015282,0.3154856805781954
deprel_aux_ratio,dependency_relation,0.02873614520501515,0.025693715432254068,-0.3214648487141955,-0.15978176915419567,True,-0.5452526223658295,True,9.801856667555874,9.893375553274042,0.9801856667555875,1.0,0.5460907818436312,0.8840351929614078,0.31509523707540776
deprel_advmod_ratio,dependency_relation,0.032801169861235116,0.037116717731291035,0.3051253198881581,0.316600941487964,True,0.07398467429435479,True,10.0,9.999979165657114,0.9999979165657115,1.0,0.5570885822835433,0.88487162380608,0.30512468417960437
syntax_left_dependency_ratio,dependency_syntax,0.6131985273533538,0.605665080446831,-0.32625372571206523,-0.34212172040921357,True,-0.2660880106402736,True,10.0,9.321340217438705,0.9321340217438705,1.0,0.4819036192761448,0.8786310153699598,0.304112197456909
deprel_clf_ratio,dependency_relation,0.0139313846086345,0.015587094955007926,0.31441271388663117,0.36242123646399826,True,0.14393392101398428,True,10.0,9.418283995301932,0.9418283995301933,1.0,0.4989002199560088,0.8803953495015282,0.2961228231117904
discourse_enumeration_markers_per_10k_cjk,discourse_and_stance,19.301210114021995,15.09481500982883,-0.2893741248277344,-0.31097611844190964,True,-0.6015796671018118,True,9.752311007876456,9.949490446380254,0.9752311007876455,1.0,0.6908618276344731,0.8947234553089383,0.28220664629521297
syntax_nominal_modifier_relation_ratio,dependency_syntax,0.2270488585363087,0.20568342279700272,-0.2617444075406738,-0.3374995337933067,True,-0.15935511678803474,True,10.0,10.0,1.0,1.0,0.562887422515497,0.88487162380608,0.2617444075406738
surface_digit_ratio,character_composition,0.016648397124637806,0.019924644866482353,0.2692145395731707,0.10229722490621786,True,0.3433565260377828,True,9.686016342665308,9.978897623804302,0.9686016342665308,1.0,0.648870225954809,0.8947234553089383,0.26076164299888477
upos_det_ratio,universal_pos,0.015196760211262931,0.017428210739660596,0.26218284357696175,0.3272050108427454,True,0.09628441176982026,True,10.0,9.894650044451138,0.9894650044451139,1.0,0.5880823835232953,0.88487162380608,0.25942074848531105
upos_aux_ratio,universal_pos,0.038537318163479745,0.03571450319369324,-0.25182759037111757,-0.19156868365844906,True,-0.5041919230102491,True,9.935070893637228,9.919710187863975,0.9919710187863975,1.0,0.6360727854429115,0.8947234553089383,0.2498056713789611
deprel_nmod_ratio,dependency_relation,0.15219699670106113,0.13769064515778906,-0.2447390749366052,-0.3204889186280094,True,-0.16414576411330445,True,9.934492141786176,10.0,0.9934492141786176,1.0,0.6022795440911818,0.8947234553089383,0.24313584167457225
syntax_lexical_type_token_ratio,token_and_lexical,0.3945281123878622,0.3700328867847811,-0.2354075862559885,-0.2703435940894725,True,-0.1187847906137173,True,9.849910707638218,9.977200426025457,0.9849910707638218,1.0,0.7188562287542491,0.904186350229954,0.23187437045221285
deprel_csubj_ratio,dependency_relation,0.0013106918467103742,0.0015954795334173519,0.2336046052704482,0.2848168115973394,True,0.11023741451704279,True,9.954871996431367,9.839711272526731,0.9839711272526731,1.0,0.6844631073785243,0.8947234553089383,0.22986018677937867
deprel_conj_ratio,dependency_relation,0.028736984596375515,0.032511607715188136,0.2231062205535911,0.1555700080824551,True,0.36886681418763706,True,9.717680460984688,9.926524953869588,0.9717680460984688,1.0,0.673865226954609,0.8947234553089383,0.21680749601977728
surface_cjk_char_type_token_ratio,character_composition,0.22172557367547605,0.20263106907678935,-0.2234762261585609,-0.3302116267956101,True,-0.04575426869403105,True,9.295367654928192,9.907858362886806,0.9295367654928193,1.0,0.7944411117776444,0.9406629622980512,0.20772936842797046
upos_sconj_ratio,universal_pos,0.044493697399927826,0.042657827271291596,-0.22806535144570875,-0.092485313876664,True,-0.4003351911275524,True,9.946065374176154,9.47787701223034,0.947787701223034,0.95,0.6462707458508299,0.8947234553089383,0.20534965841658406
deprel_mark_ratio,dependency_relation,0.058028342734863916,0.05574430507530924,-0.20604846348146788,-0.17912793842731004,True,-0.34656108441004674,True,10.0,9.727274009331047,0.9727274009331047,1.0,0.6292741451709658,0.8947234553089383,0.200428986348588
deprel_flat_ratio,dependency_relation,0.019703117128720443,0.02224437455150647,0.19748904301578854,0.27219879036821754,True,0.3225931136752075,True,9.65322725090137,9.261226971125142,0.9261226971125142,1.0,0.7756448710257948,0.9396646986392195,0.18289908516795142
surface_repeated_char_ngram_ratio,repetition_and_regularity,0.059551029867252595,0.053676330614837786,-0.18246503787694687,-0.1430464728236378,True,-0.17997799708468962,True,10.0,9.942283945384577,0.9942283945384578,1.0,0.6786642671465707,0.8947234553089383,0.18141192166779577
syntax_crossing_arc_ratio_mean,dependency_syntax,0.0006499584115322771,0.0007279626093550787,0.18284542176927535,0.11175198279681739,True,0.2537483903627147,True,9.919426309602446,10.0,0.9919426309602446,1.0,0.6946610677864428,0.8947234553089383,0.18137216872885056
syntax_lexical_hapax_ratio,token_and_lexical,0.23559597578540972,0.22165462232515096,-0.20032188292052122,-0.2239617304616792,True,-0.16592827885033493,True,9.494005956719828,9.850585524357504,0.9494005956719829,0.95,0.7710457908418317,0.9396646986392195,0.18067642922233224
deprel_nsubj_ratio,dependency_relation,0.07119473450342065,0.06899919843082566,-0.18032223328359115,-0.18863094176204065,True,-0.44076201889205563,True,10.0,9.831298346735391,0.9831298346735391,1.0,0.6868626274745051,0.8947234553089383,0.1772801673960603
surface_ascii_letter_ratio,character_composition,0.18410608668865422,0.2057755350378691,0.1725380353026034,0.2584175091589407,True,0.2517204244408933,True,10.0,9.823216465009,0.9823216465009,1.0,0.6922615476904619,0.8947234553089383,0.16948784692248378
surface_sentence_length_autocorrelation,repetition_and_regularity,0.054854118750518266,0.02300519677607655,-0.16409086829083883,-0.19872697825544955,True,-0.1769367533659286,True,10.0,10.0,1.0,0.95,0.7490501899620076,0.9333656345653946,0.1558863248762969
syntax_treelet_entropy_bits,dependency_syntax,5.763716118911925,5.7098458357480215,-0.14404589863915085,-0.18366178490488583,True,-0.24383886818539913,True,10.0,10.0,1.0,1.0,0.6946610677864428,0.8947234553089383,0.14404589863915085
discourse_marker_type_coverage,discourse_and_stance,0.16700128207508003,0.15291082621325724,-0.1453814435347071,-0.1025095132137115,True,-0.44923613960763625,True,9.999663611306657,9.973211571087392,0.9973211571087391,0.95,0.7146570685862828,0.904186350229954,0.13774239001376426
graph_semantic_components_per_sentence,discourse_graph,0.039998307033513536,0.04359445594224382,0.162684565329897,0.24716702657227196,True,0.33247656825864824,True,9.837731947012658,9.673535460100096,0.9673535460100096,0.8,0.8004399120175965,0.9406629622980512,0.12589879292237835
graph_propositions_per_100_cjk,discourse_graph,12.56293573879671,12.762707395506348,0.15424129724283353,0.13499225680375548,True,0.04347277218036055,True,9.757169592335234,9.595144629669598,0.9595144629669597,0.85,0.7762447510497901,0.9396646986392195,0.12579724216759194
syntax_function_word_ratio,token_and_lexical,0.2813329245259507,0.27425057798325925,-0.14366585164693174,-0.09890056376095656,True,-0.2681599459791966,True,10.0,9.910589222429808,0.9910589222429808,0.85,0.7536492701459708,0.9333656345653946,0.12102412548187892
surface_exclamatory_sentence_ratio,document_structure,0.0020549236984991085,0.0014014248382170542,-0.13933539904217968,-0.15667199396841017,True,-0.0566349551969538,True,9.408810454991594,9.46053560085615,0.9408810454991594,0.9,0.8568286342731454,0.9570655405342774,0.11798823233326373
deprel_obj_ratio,dependency_relation,0.06309743632227689,0.06388162012246618,0.12418145099226922,0.11854017671379487,True,0.09334346360922986,True,9.96981062885876,9.872690038687395,0.9872690038687395,0.75,0.7976404719056189,0.9406629622980512,0.09195037306508425
syntax_token_length_cv,token_and_lexical,0.46220936090026377,0.4704483503980828,0.11758964452570296,0.1939304555455845,True,0.21654665144460822,True,9.882642437192995,9.518523857704333,0.9518523857704333,0.75,0.8206358728254349,0.9570655405342774,0.08394598776276566
syntax_mean_lexical_token_cjk_chars,token_and_lexical,1.4535879532419704,1.4440318316002172,-0.10407050985132396,-0.30937281566021735,True,-0.049372217285893846,True,9.99475803937133,9.369047849590672,0.9369047849590671,0.85,0.8352329534093181,0.9570655405342774,0.08287853485490988
syntax_dependency_distance_mean,dependency_syntax,4.279894919043989,4.323543695944611,0.11446554998147164,0.08071613169965769,True,0.22825676549528104,True,9.891486512507894,9.801408374134821,0.9801408374134821,0.65,0.8320335932813437,0.9570655405342774,0.07292503400899238
syntax_pos_bigram_entropy_bits,dependency_syntax,5.8382390197526695,5.803948568122484,-0.088532457396805,-0.1263705684660858,True,-0.21166016094141407,True,10.0,9.908026563163308,0.9908026563163308,0.8,0.8394321135772845,0.9570655405342774,0.07017455516717343
syntax_pos_trigram_entropy_bits,dependency_syntax,8.052816555957879,8.098785425604738,0.08389440236488376,0.011362505204666772,True,0.01759533465373061,True,10.0,8.760450160605886,0.8760450160605886,0.85,0.8522295540891822,0.9570655405342774,0.06247098210706736
graph_surface_chars_per_unique_proposition,discourse_graph,9.530570005588604,9.422410265709962,-0.08863880154291458,-0.10467502897362674,True,-0.06480820142101021,True,9.798543156407957,9.924456341968831,0.9798543156407957,0.65,0.8572285542891421,0.9570655405342774,0.05645452294628437
syntax_dependency_relation_entropy_bits,dependency_syntax,4.177824519764006,4.168607173906446,-0.07587873196513777,-0.1915617458868061,True,-0.14870921459543252,True,10.0,9.618040233615465,0.9618040233615466,0.75,0.8848230353929214,0.9570655405342774,0.05473535226873141
syntax_coordinate_relation_ratio,dependency_syntax,0.043197616935892365,0.044671442395729434,0.0647295907821898,0.088313188409234,True,0.19575221678881374,True,9.826957860254879,9.854056237761382,0.9826957860254879,0.7,0.8828234353129374,0.9570655405342774,0.04452664726496853
surface_sentence_opening_repeat_ratio,repetition_and_regularity,0.04849779431980718,0.045509930190860845,-0.055974813478909445,-0.11774052384227263,True,-0.07801158971973297,True,9.94304525494181,10.0,0.9943045254941809,0.75,0.889622075584883,0.9570655405342774,0.04174200776682926
surface_adjacent_sentence_length_change,repetition_and_regularity,0.6234016601475811,0.6282884788429342,0.035772374864763465,0.14800433181042205,True,0.1674959135882544,True,10.0,9.785511741159432,0.9785511741159432,0.7,0.9378124375124975,0.9741148544484652,0.024503569597380957
syntax_mean_tree_depth,dependency_syntax,2.7354850047281505,2.7431292575995068,0.02404227470032571,0.03628929528846072,True,0.19630521931486303,True,9.9349578082542,9.935067557575081,0.99349578082542,0.65,0.9552089582083584,0.9795454921754504,0.015525834009542565
syntax_sentence_length_cv,dependency_syntax,0.6068914085483981,0.5431123985103055,-0.5966452158866961,0.10262262922391516,False,-0.42517956590214895,True,10.0,8.581329513940885,0.8581329513940885,1.0,0.4585082983403319,0.8786310153699598,0.0
syntax_first_person_pronoun_ratio,token_and_lexical,0.00387252277766919,0.002965428105324361,-0.2685497455697857,0.21013853660527823,False,-0.4483484083513254,True,9.935564321267451,9.26972555176424,0.9269725551764241,1.0,0.6182763447310538,0.8947234553089383,0.0
graph_unique_proposition_ratio,discourse_graph,0.8567161821383313,0.8485702006556265,-0.1545247287924919,-0.05307359925447175,True,0.03534808416578641,False,9.76850257581782,9.978773967039075,0.976850257581782,0.75,0.7138572285542891,0.904186350229954,0.0
syntax_mean_nonleaf_branching,dependency_syntax,2.566661800871223,2.5780651872105786,0.13860851411336023,0.23296229562081258,True,-0.07596271462621848,False,9.344001361831278,9.654611811322717,0.9344001361831278,0.85,0.7842431513697261,0.9406629622980512,0.0
surface_compression_ratio,repetition_and_regularity,0.47674166122252,0.48675883276145226,0.24993922566899537,-0.06237737975306958,False,0.3631733057351493,True,8.56964293088291,9.864676436550758,0.856964293088291,0.8,0.8644271145770845,0.9570655405342774,0.0
syntax_content_word_ratio,token_and_lexical,0.591617832267638,0.5954264557806688,0.055044333323196436,-0.0069794960060210335,False,0.1738122468500381,True,10.0,9.753329351348754,0.9753329351348754,0.65,0.8888222355528894,0.9570655405342774,0.0
graph_argumentless_proposition_ratio,discourse_graph,0.33266726648506384,0.3304625779924595,-0.05841498439567744,-0.11624793209905454,True,0.14109964810621908,False,9.919757100346906,10.0,0.9919757100346906,0.65,0.8948210357928414,0.9570655405342774,0.0
surface_sentence_length_cv,document_structure,0.6100860126142637,0.5978419551495854,-0.08860406376054504,0.2169252202108924,False,0.04120575073063821,False,10.0,9.40128553119755,0.940128553119755,0.6,0.8976204759048191,0.9570655405342774,0.0
deprel_advcl_ratio,dependency_relation,0.03254283382244436,0.032295462864396565,-0.061890143786840705,0.10417280173226967,False,-0.06628027677867246,True,9.789003221593278,9.975770127100862,0.9789003221593278,0.5,0.9060187962407519,0.9596646460181649,0.0
upos_x_ratio,universal_pos,0.07314590647713365,0.0714611652724512,-0.04154496859448736,-0.04723360025597264,True,0.05553461451320301,False,9.846579699296422,9.793399528790793,0.9793399528790794,0.55,0.9302139572085583,0.9741148544484652,0.0
graph_explicit_discourse_edge_count,discourse_graph,2.7164222222134167,2.407966666647349,-0.13158264029696512,0.5693176666349887,False,-0.2783259907051568,True,9.792232824716171,7.535432295722107,0.7535432295722108,0.65,0.9348130373925215,0.9741148544484652,0.0
upos_noun_ratio,universal_pos,0.27156513617246153,0.2694615617741342,-0.031425094656564394,-0.09344235908502004,True,0.08201266205186693,False,9.898323620763946,9.999768542799139,0.9898323620763947,0.55,0.9512097580483904,0.9795454921754504,0.0
upos_pron_ratio,universal_pos,0.015009771479463896,0.014785094391277625,-0.02615980936308551,0.34600334571640984,False,-0.2768149383417856,True,9.932683754502522,8.915093207376815,0.8915093207376815,0.45,0.9644071185762847,0.9827186461441888,0.0
title_quote_present,title_form,0.09399749999541429,0.09399749999541429,0.0,0.0,True,0.09573216032025739,False,9.343800647798382,9.343800647798382,0.9343800647798381,0.0,1.0,1.0,0.0
