doc_id,cohort,source,published_at,published_month,topic,format,deprel_acl_ratio,deprel_advcl_ratio,deprel_advmod_ratio,deprel_amod_ratio,deprel_appos_ratio,deprel_aux_ratio,deprel_case_ratio,deprel_cc_ratio,deprel_ccomp_ratio,deprel_clf_ratio,deprel_compound_ratio,deprel_conj_ratio,deprel_cop_ratio,deprel_csubj_ratio,deprel_dep_ratio,deprel_det_ratio,deprel_discourse_ratio,deprel_dislocated_ratio,deprel_expl_ratio,deprel_fixed_ratio,deprel_flat_ratio,deprel_goeswith_ratio,deprel_iobj_ratio,deprel_list_ratio,deprel_mark_ratio,deprel_nmod_ratio,deprel_nsubj_ratio,deprel_nummod_ratio,deprel_obj_ratio,deprel_obl_ratio,deprel_orphan_ratio,deprel_parataxis_ratio,deprel_punct_ratio,deprel_reparandum_ratio,deprel_root_ratio,deprel_vocative_ratio,deprel_xcomp_ratio,discourse_all_markers_per_10k_cjk,discourse_booster_markers_per_10k_cjk,discourse_causal_markers_per_10k_cjk,discourse_contrast_markers_per_10k_cjk,discourse_directive_markers_per_10k_cjk,discourse_enumeration_markers_per_10k_cjk,discourse_framing_markers_per_10k_cjk,discourse_hedge_markers_per_10k_cjk,discourse_marker_type_coverage,discourse_metadiscourse_markers_per_10k_cjk,discourse_summary_markers_per_10k_cjk,surface_adjacent_sentence_length_change,surface_ascii_letter_ratio,surface_char_count,surface_cjk_char_count,surface_cjk_char_entropy_bits,surface_cjk_char_mattr,surface_cjk_char_type_token_ratio,surface_cjk_ratio,surface_colon_density,surface_comma_density,surface_compression_ratio,surface_dash_density,surface_digit_ratio,surface_exact_paragraph_repeat_ratio,surface_exact_sentence_repeat_ratio,surface_exclamatory_sentence_ratio,surface_list_item_ratio,surface_long_paragraph_ratio,surface_mean_paragraph_cjk_chars,surface_mean_sentence_cjk_chars,surface_mean_sentences_per_paragraph,surface_non_whitespace_char_count,surface_paragraph_count,surface_paragraph_length_cv,surface_paragraph_opening_repeat_ratio,surface_parenthesis_density,surface_period_density,surface_punctuation_density,surface_punctuation_entropy_bits,surface_question_sentence_ratio,surface_quote_mark_density,surface_repeated_char_ngram_ratio,surface_semicolon_density,surface_sentence_count,surface_sentence_length_autocorrelation,surface_sentence_length_cv,surface_sentence_opening_repeat_ratio,surface_short_paragraph_ratio,surface_url_count_per_1000_cjk,syntax_adjacent_content_jaccard_mean,syntax_adjacent_noun_jaccard_mean,syntax_clause_relations_per_sentence,syntax_content_word_ratio,syntax_coordinate_relation_ratio,syntax_crossing_arc_ratio_mean,syntax_dependency_distance_cv,syntax_dependency_distance_max,syntax_dependency_distance_mean,syntax_dependency_distance_median,syntax_dependency_relation_entropy_bits,syntax_first_person_pronoun_ratio,syntax_function_word_ratio,syntax_left_dependency_ratio,syntax_lexical_hapax_ratio,syntax_lexical_mattr,syntax_lexical_token_count,syntax_lexical_token_entropy_bits,syntax_lexical_type_token_ratio,syntax_max_nonleaf_branching,syntax_max_tree_depth,syntax_mean_lexical_token_cjk_chars,syntax_mean_nonleaf_branching,syntax_mean_root_relative_position,syntax_mean_sentence_tokens,syntax_mean_tree_depth,syntax_median_sentence_tokens,syntax_nominal_modifier_relation_ratio,syntax_passive_relation_ratio,syntax_pos_bigram_entropy_bits,syntax_pos_trigram_entropy_bits,syntax_second_person_pronoun_ratio,syntax_sentence_count,syntax_sentence_length_cv,syntax_subordinate_relation_ratio,syntax_token_count,syntax_token_length_cv,syntax_treelet_entropy_bits,title_ascii_letter_ratio,title_body_cjk_type_overlap,title_cjk_char_count,title_colon_present,title_digit_present,title_exclamation_present,title_question_present,title_quote_present,upos_adj_ratio,upos_adp_ratio,upos_adv_ratio,upos_aux_ratio,upos_cconj_ratio,upos_det_ratio,upos_intj_ratio,upos_noun_ratio,upos_num_ratio,upos_part_ratio,upos_pron_ratio,upos_propn_ratio,upos_punct_ratio,upos_sconj_ratio,upos_sym_ratio,upos_verb_ratio,upos_x_ratio
0431c592d5de8246cebcb8e2,post,infoq,2025-10-05,2025-10,__missing__,__missing__,0.0209821428571429,0.0308035714285714,0.0459821428571429,0.0334821428571429,0.0138392857142857,0.0160714285714286,0.0705357142857143,0.0138392857142857,0.0196428571428571,0.0183035714285714,0.025,0.0276785714285714,0.00669642857142857,0.00178571428571429,0,0.0183035714285714,0.000446428571428571,0,0,0,0.0102678571428571,0,0,0,0.0602678571428571,0.140625,0.06875,0.0446428571428571,0.0638392857142857,0.021875,0,0.015625,0.165625,0,0.03125,0,0.0138392857142857,46.8975468975469,7.21500721500721,3.60750360750361,10.8225108225108,10.8225108225108,0,25.2525252525253,3.60750360750361,0.179487179487179,3.60750360750361,3.60750360750361,0.476406926406926,0.164213197969543,4216,2772,8.60407379884855,0.546433787945447,0.24963924963925,0.703553299492386,0.00279187817258883,0.0408629441624365,0.542648176291793,0.0121827411167513,0.0236040609137056,0,0,0,0,0,81.5294117647059,39.0422535211268,2.26470588235294,3940,34,0.566250755445426,0,0.00964467005076142,0.0190355329949239,0.108629441624365,3.22518494985999,0.0422535211267606,0.0192893401015228,0.0317804261466233,0.00050761421319797,71,0.116090327447894,0.447645701881129,0,0.176470588235294,0.721500721500722,0.0298071533593761,0.0374699165583889,2.78571428571429,0.638309256286784,0.0415178571428571,0.00112085256915435,1.54094189100674,62,4.52857142857143,2,4.16005669380671,0.00107009095773141,0.253076511503478,0.623963133640553,0.284109149277689,0.820412429378531,1869,8.83261234418775,0.448903156768325,11,9,1.48314606741573,2.6271186440678,0.428100526158583,32,2.746875,29.5,0.220089285714286,0.00178571428571429,5.92444259306962,8.24420371473129,0,70,0.424027248113676,0.0870535714285714,2240,0.431283053653524,5.76817523752838,0.116279069767442,0.935483870967742,34,1,1,1,0,0,0.0419642857142857,0.0366071428571429,0.0455357142857143,0.0227678571428571,0.0133928571428571,0.0174107142857143,0,0.276339285714286,0.046875,0.0616071428571429,0.0120535714285714,0.0138392857142857,0.165625,0.0473214285714286,0,0.154910714285714,0.04375
084c17f921cc74b858d04cdb,post,infoq,2026-05-22,2026-05,__missing__,__missing__,0.0223752151462995,0.0344234079173838,0.0240963855421687,0.0309810671256454,0.0327022375215146,0.00516351118760757,0.0585197934595525,0.036144578313253,0.0137693631669535,0.00688468158347676,0.0189328743545611,0.0757314974182444,0.00516351118760757,0,0,0.0103270223752151,0,0,0,0,0.0223752151462995,0,0,0,0.0378657487091222,0.223752151462995,0.0430292598967298,0.044750430292599,0.0602409638554217,0.0172117039586919,0,0.00688468158347676,0.137693631669535,0,0.0258175559380379,0,0.00516351118760757,26.8096514745308,0,0,0,0,13.4048257372654,13.4048257372654,0,0.0512820512820513,0,0,0.87035618536959,0.136893203883495,1121,746,7.87464642566345,0.499765182186235,0.439678284182306,0.724271844660194,0.00388349514563107,0.0427184466019417,0.616359030039812,0.00679611650485437,0.0446601941747573,0.162162162162162,0,0,0.108108108108108,0,20.1621621621622,49.7333333333333,1.27027027027027,1030,37,1.61518082295567,0.0967741935483871,0.00776699029126214,0.0213592233009709,0.0883495145631068,3.10897708371886,0.2,0.00388349514563107,0.0376850605652759,0,15,-0.0574174674053782,1.07650348965589,0,0.675675675675676,0,0.037742028317301,0.0405996961239538,2.93333333333333,0.673306772908366,0.111876075731497,0.000865247092285689,2.03819850982225,147,5.17667844522968,2,3.96483366999116,0,0.201195219123506,0.630742049469965,0.434262948207171,0.799131513647643,502,7.80102207224591,0.601593625498008,13,10,1.48605577689243,2.42918454935622,0.555364833027948,38.7333333333333,3.4750430292599,27,0.296041308089501,0,5.20483119289039,6.89661213944298,0,15,1.06437934325639,0.0757314974182444,581,0.444870603035718,5.28647117280198,0.135135135135135,0.967741935483871,31,0,0,0,0,0,0.0292598967297762,0.0275387263339071,0.0240963855421687,0.0120481927710843,0.036144578313253,0.0103270223752151,0,0.38382099827883,0.0602409638554217,0.0585197934595525,0.00688468158347676,0.0275387263339071,0.135972461273666,0.0223752151462995,0,0.117039586919105,0.0481927710843374
0dfc33ff7071975b48e12981,pre,infoq,2021-10-14,2021-10,__missing__,__missing__,0.0200333889816361,0.0200333889816361,0.01669449081803,0.0183639398998331,0.010016694490818,0.0283806343906511,0.0617696160267112,0.015025041736227,0.0484140233722871,0.015025041736227,0.0300500834724541,0.0467445742904841,0.00333889816360601,0.00166944908180301,0,0.0233722871452421,0.00333889816360601,0,0,0,0.01669449081803,0,0,0,0.0651085141903172,0.161936560934891,0.0818030050083473,0.01669449081803,0.0550918196994992,0.0267111853088481,0,0.015025041736227,0.160267111853088,0,0.0200333889816361,0,0.0183639398998331,40.650406504065,13.550135501355,13.550135501355,13.550135501355,0,13.550135501355,0,0,0.0769230769230769,0,0,0.407955865272938,0.202830188679245,1127,738,7.6495889017926,0.448861924686193,0.39159891598916,0.69622641509434,0,0.05,0.566368515205725,0.00188679245283019,0.00283018867924528,0,0,0,0,0,73.8,49.2,1.9,1060,10,0.517459077755108,0,0.00754716981132075,0.0160377358490566,0.0981132075471698,2.79711771171368,0,0.0188679245283019,0.0503401360544218,0,15,0.379936287727734,0.49192030918393,0,0.2,0,0.070614732094568,0.0951601634410965,5.41666666666667,0.604373757455268,0.0617696160267112,0.00167886195233635,2.15019464182526,128,5.23679727427598,2,4.11777812339986,0.00596421471172962,0.286282306163022,0.608177172061329,0.347912524850895,0.749628712871287,503,7.53580970569117,0.520874751491054,10,7,1.46719681908549,2.57456140350877,0.227429160673842,49.9166666666667,3.28380634390651,42,0.230383973288815,0.00500834724540901,5.72117651138584,7.59135361870041,0,12,0.694769672410184,0.108514190317195,599,0.44994203791878,5.5970907438381,0.130434782608696,0.875,18,0,0,0,1,0,0.0217028380634391,0.0434056761268781,0.015025041736227,0.0333889816360601,0.015025041736227,0.0217028380634391,0,0.280467445742905,0.01669449081803,0.0567612687813022,0.0200333889816361,0.0283806343906511,0.160267111853088,0.0500834724540902,0,0.161936560934891,0.0751252086811352
1a5bf7a3c811a61f24384560,pre,jiqizhixin,2022-06-06,2022-06,__missing__,__missing__,0.0265848670756646,0.0374914792092706,0.0368098159509202,0.0299931833674165,0.00954328561690525,0.021813224267212,0.0565780504430811,0.0129516019086571,0.0156782549420586,0.00613496932515337,0.0538513974096796,0.0368098159509202,0.0102249488752556,0.0027266530334015,0,0.00954328561690525,0,0,0,0,0.0129516019086571,0,0.000681663258350375,0,0.049079754601227,0.193592365371506,0.0620313565098841,0.0252215405589639,0.0715746421267894,0.0224948875255624,0,0.0129516019086571,0.141104294478528,0,0.0306748466257669,0,0.010906612133606,15.1285930408472,0,0,0,0,10.0857286938981,5.04286434694907,0,0.0769230769230769,0,0,0.429323669797934,0.0652264229331118,2453,1983,8.14331864590018,0.473266846361186,0.264246091780131,0.823847112588284,0,0.0457000415454923,0.515173728192347,0.00373909430826755,0.0182800166181969,0,0,0.0227272727272727,0,0.04,79.32,45.0681818181818,1.96,2407,25,0.599430078076934,0.12,0.00415454923140839,0.0199418363107603,0.0922309929372663,2.93275109666384,0,0.0132945575405069,0.0691919191919192,0.00332363938512671,44,0.118611326915619,0.468508695607533,0.113636363636364,0.2,0,0.0764850866466242,0.0984832301311027,3.04444444444444,0.686804451510334,0.0497614178595774,0.000727844211414365,1.50239287802148,110,4.20253164556962,2,4.08391864795575,0,0.24483306836248,0.651898734177215,0.322734499205087,0.766971527178602,1258,8.48804951318451,0.480922098569157,8,8,1.57472178060413,2.53928571428571,0.568363502735813,32.6,2.68507157464213,29,0.304021813224267,0,5.55090523144235,7.70897843544188,0.000794912559618442,45,0.509789331726229,0.0933878663940014,1467,0.396923735542644,5.63921758753265,0.294117647058824,1,21,0,0,0,0,0,0.0429447852760736,0.0279481935923654,0.0354464894342195,0.0334014996591684,0.0129516019086571,0.00954328561690525,0,0.339468302658487,0.0293115201090661,0.0831629175187457,0.00340831629175187,0.0231765507839127,0.141104294478528,0.0395364689843217,0.00136332651670075,0.147920927062031,0.0293115201090661
2046a00e2b504539234c6c70,pre,jiqizhixin,2022-06-24,2022-06,__missing__,__missing__,0.0213004484304933,0.039237668161435,0.0358744394618834,0.0308295964125561,0.0117713004484305,0.0263452914798206,0.0846412556053812,0.0145739910313901,0.0190582959641256,0.0100896860986547,0.0347533632286996,0.0319506726457399,0.00896860986547085,0.00224215246636771,0,0.0106502242152466,0.00112107623318386,0,0,0,0.0134529147982063,0,0,0,0.0521300448430493,0.178251121076233,0.0571748878923767,0.0297085201793722,0.0588565022421525,0.0375560538116592,0,0.0179372197309417,0.133968609865471,0,0.0229820627802691,0,0.0145739910313901,40.048057669203,8.00961153384061,4.0048057669203,4.0048057669203,36.0432519022827,28.0336403684421,4.0048057669203,16.0192230676812,0.205128205128205,0,0,0.746331495230174,0.0573770491803279,3042,2497,8.29912921991065,0.459051051051051,0.215859030837004,0.852800546448087,0.00956284153005465,0.0498633879781421,0.500234907211651,0.000341530054644809,0.0037568306010929,0.12280701754386,0,0.05,0,0.0350877192982456,43.8070175438597,62.425,1.31578947368421,2928,57,1.34488664341788,0.0869565217391304,0,0.0146857923497268,0.085724043715847,2.75735108993148,0.125,0.00819672131147541,0.0565356856455493,0.000683060109289617,40,-0.0688168066902144,0.775046429395615,0,0.526315789473684,0.40048057669203,0.0691863252824405,0.0765684133667811,4.19512195121951,0.675080906148867,0.04652466367713,0.000212753920711087,1.7592702245645,89,4.5364314400459,2,4.15808294483015,0.00194174757281553,0.266666666666667,0.666666666666667,0.233009708737864,0.751362378976487,1545,8.4990733701176,0.399352750809061,11,8,1.61618122977346,2.57459379615953,0.45697160344468,43.5121951219512,2.92937219730942,35,0.265134529147982,0,5.5617552130185,7.77366242704253,0,41,0.566072454806424,0.0964125560538117,1784,0.622016860540249,5.52438332719648,0.216216216216216,1,22,1,0,0,0,1,0.0414798206278027,0.0459641255605381,0.0330717488789238,0.0358744394618834,0.0140134529147982,0.0112107623318386,0,0.341928251121076,0.0319506726457399,0.0762331838565022,0.00616591928251121,0.0229820627802691,0.133968609865471,0.0414798206278027,0,0.145179372197309,0.0184977578475336
213dcab213f816c7c548fc09,post,infoq,2026-04-24,2026-04,__missing__,__missing__,0.0186491935483871,0.0272177419354839,0.0249495967741935,0.0211693548387097,0.0199092741935484,0.0226814516129032,0.0405745967741935,0.0161290322580645,0.0216733870967742,0.0151209677419355,0.0383064516129032,0.0453629032258065,0.00504032258064516,0.000756048387096774,0,0.0231854838709677,0.000504032258064516,0.00100806451612903,0,0,0.0441028225806452,0,0.000504032258064516,0,0.0498991935483871,0.157510080645161,0.0632560483870968,0.0367943548387097,0.069304435483871,0.0128528225806452,0,0.0163810483870968,0.162046370967742,0,0.0315020161290323,0,0.0136088709677419,6.35189498200296,0,2.11729832733432,2.11729832733432,14.8210882913402,2.11729832733432,0,4.23459665466864,0.0769230769230769,0,0,0.85861521690059,0.291311553030303,9270,4723,8.46175431969066,0.474041666666667,0.142282447596866,0.559067234848485,0.01171875,0.0260416666666667,0.452292751301562,0.0202414772727273,0.0301846590909091,0.15807560137457,0,0.00819672131147541,0.127147766323024,0,16.2302405498282,38.7131147540984,1.16838487972509,8448,291,1.49120276520372,0.19634703196347,0.0118371212121212,0.0248579545454545,0.116950757575758,3.92301096718594,0.0983606557377049,0.00331439393939394,0.0870762711864407,0.00189393939393939,122,-0.0568088899343061,0.948225218442738,0.108333333333333,0.56701030927835,0.211729832733432,0.0380692543886143,0.0397050956345779,2.6,0.597835888187556,0.061491935483871,0.000457440025208432,1.68626025116053,79,4.10928961748634,2,4.17989524347671,0.00240456868049294,0.235046588518185,0.595628415300546,0.187255785993387,0.798376703841388,3327,9.11539294241693,0.331529906822964,12,18,1.41839495040577,2.51012410189419,0.386355810835538,31.744,3.19657258064516,23,0.235635080645161,0.000504032258064516,5.62757005424423,8.00406849438586,0.00510970844604749,125,0.860607443293551,0.0819052419354839,3968,0.527374267376868,5.76029027952838,0.431034482758621,0.954545454545455,22,1,0,0,0,0,0.0246975806451613,0.0304939516129032,0.0249495967741935,0.0282258064516129,0.0158770161290323,0.0219254032258065,0,0.29914314516129,0.0403225806451613,0.0569556451612903,0.0100806451612903,0.00100806451612903,0.161290322580645,0.0335181451612903,0.000252016129032258,0.151461693548387,0.0997983870967742
2176304c3523784c901e14e0,pre,jiqizhixin,2022-06-28,2022-06,__missing__,__missing__,0.0163690476190476,0.0267857142857143,0.0282738095238095,0.0238095238095238,0.00744047619047619,0.0357142857142857,0.0773809523809524,0.0163690476190476,0.00744047619047619,0.0133928571428571,0.037202380952381,0.0416666666666667,0.00744047619047619,0,0,0.0133928571428571,0,0,0,0,0.0223214285714286,0,0,0,0.0446428571428571,0.248511904761905,0.0520833333333333,0.025297619047619,0.0669642857142857,0.0163690476190476,0,0.0104166666666667,0.105654761904762,0,0.0327380952380952,0,0.0223214285714286,70.635721493441,0,10.0908173562059,10.0908173562059,20.1816347124117,50.4540867810293,0,10.0908173562059,0.0769230769230769,0,0,0.531738023160828,0.217331499312242,1492,991,7.44988055838111,0.416857723577236,0.291624621594349,0.681568088033012,0.00481430536451169,0.0302613480055021,0.499447208402432,0.00756533700137552,0.0240715268225585,0,0,0,0,0,58.2941176470588,45.0454545454545,1.64705882352941,1454,17,0.933035628319008,0,0.00137551581843191,0.0192572214580468,0.0770288858321871,3.07801607532131,0,0.00275103163686382,0.146761133603239,0,22,-0.0686941900405642,0.447237274291558,0,0.176470588235294,4.03632694248234,0.0965743282382138,0.121465357449612,2.22727272727273,0.660565723793677,0.0580357142857143,0.000442889974271905,1.37101130212279,53,4.27230769230769,2,3.9890277844954,0,0.257903494176373,0.649230769230769,0.282861896838602,0.717270916334661,601,7.30785366038565,0.434276206322795,12,6,1.64891846921797,2.51937984496124,0.507105402903354,30.5454545454545,2.58333333333333,30,0.325892857142857,0.00595238095238095,5.20656886993958,7.01358869723783,0,22,0.445803133314997,0.0729166666666667,672,1.03098824623359,5.149207758069,0,1,36,0,0,0,0,0,0.0327380952380952,0.03125,0.0238095238095238,0.0431547619047619,0.0163690476190476,0.0133928571428571,0,0.383928571428571,0.0267857142857143,0.0863095238095238,0.00446428571428571,0.0133928571428571,0.105654761904762,0.0357142857142857,0,0.136904761904762,0.0461309523809524
2d8b8db77aefcdcbf86f23b4,pre,infoq,2022-01-10,2022-01,__missing__,__missing__,0.0252438324727481,0.029833620195066,0.0355708548479633,0.014916810097533,0.00860585197934595,0.0269650028686173,0.0757314974182444,0.0131956397016638,0.0223752151462995,0.0223752151462995,0.0281124497991968,0.0183591508892714,0.0120481927710843,0.00057372346528973,0,0.029833620195066,0.00860585197934595,0.00057372346528973,0,0,0.0407343660355709,0,0,0,0.065978198508319,0.108433734939759,0.0671256454388985,0.0430292598967298,0.0648307515777395,0.0246701090074584,0,0.0143430866322433,0.135398737808376,0,0.0378657487091222,0,0.0246701090074584,88.0626223091976,0,9.78473581213307,9.78473581213307,29.3542074363992,68.4931506849315,0,4.89236790606654,0.205128205128205,0,0,0.625922023182297,0.316540477577169,3711,2044,7.69923514989072,0.390566990291262,0.191780821917808,0.595224228305184,0.0034944670937682,0.0378567268491555,0.46832222895215,0.00262085032032615,0.011648223645894,0,0,0.0151515151515152,0,0.0909090909090909,92.9090909090909,30.969696969697,3.18181818181818,3434,22,0.752962600074783,0,0.0122306348281887,0.0192195690157251,0.0765870704717531,2.38628764988528,0,0,0.0818226359627633,0.0011648223645894,66,0.235608018287479,0.649329105515162,0.0454545454545455,0.181818181818182,0,0.0685503180468303,0.0835732706207819,2.71212121212121,0.51227604512276,0.0315547905909352,0.000630836874230135,1.4792697301614,62,3.82707215265355,2,4.33418533880512,0.0033178500331785,0.308560053085601,0.572450805008945,0.199734571997346,0.713252840909091,1507,7.9689241849152,0.349037823490378,9,7,1.35633709356337,2.4410480349345,0.400088800266089,26.4090909090909,2.61044176706827,23,0.176706827309237,0.00172117039586919,6.08939498208021,8.3973957679138,0.0013271400132714,66,0.581442337928369,0.102696500286862,1743,0.52757604193393,6.04587296318009,0.4,1,17,0,0,0,0,0,0.0286861732644865,0.0418818129661503,0.0327022375215146,0.0395869191049914,0.0131956397016638,0.0258175559380379,0,0.219736087205967,0.0436029833620195,0.0745840504876649,0.0177854274239816,0.00286861732644865,0.135398737808376,0.0539300057372347,0,0.158921399885255,0.111302352266208
34be1e39038614fec204e995,pre,jiqizhixin,2022-06-26,2022-06,__missing__,__missing__,0.016793893129771,0.0396946564885496,0.0209923664122137,0.032824427480916,0.0103053435114504,0.0312977099236641,0.0889312977099237,0.0179389312977099,0.016793893129771,0.00687022900763359,0.0278625954198473,0.0309160305343511,0.00152671755725191,0.000763358778625954,0,0.0122137404580153,0.000381679389312977,0,0,0,0.0526717557251908,0,0,0,0.0618320610687023,0.168702290076336,0.0610687022900763,0.0255725190839695,0.0790076335877863,0.0324427480916031,0,0.0187022900763359,0.108778625954198,0,0.0248091603053435,0,0.0103053435114504,19.1326530612245,9.56632653061224,3.18877551020408,6.37755102040816,12.7551020408163,3.18877551020408,3.18877551020408,12.7551020408163,0.128205128205128,3.18877551020408,0,0.557686941964286,0.32276954874268,6501,3136,7.90454610337352,0.392546833522943,0.142219387755102,0.540130899069928,0.00482259731312435,0.0325525318635894,0.425732923446052,0.00792283844299001,0.048914915604547,0.3375,0,0,0.0416666666666667,0,13.0666666666667,48.2461538461538,1.13333333333333,5806,240,1.77400681131648,0.221374045801527,0.0120564932828109,0.0182569755425422,0.087323458491216,3.32374963208064,0,0,0.148100861793808,0.000516706854977609,65,0.164796300468332,0.609790600516727,0.0461538461538462,0.454166666666667,2.86989795918367,0.101908740225495,0.0966930066458204,3.4,0.541952054794521,0.0488549618320611,0.00124250129974071,1.7255590060016,114,4.75694716242661,2,4.14537912874526,0.00813356164383562,0.267979452054795,0.582778864970646,0.173373287671233,0.723558337058561,2336,8.44725382844445,0.315068493150685,15,9,1.34246575342466,2.60183299389002,0.374974931854705,40.3076923076923,2.84045801526718,34,0.24618320610687,0,5.78380411363011,8.06521605195771,0,65,0.537478579655384,0.0843511450381679,2620,0.572952595960456,5.67396082145823,0.238095238095238,0.923076923076923,14,0,1,0,0,0,0.0396946564885496,0.0614503816793893,0.0206106870229008,0.033206106870229,0.0179389312977099,0.0122137404580153,0,0.274427480916031,0.033969465648855,0.0606870229007634,0.0103053435114504,0.00114503816793893,0.108396946564885,0.0431297709923664,0,0.147328244274809,0.135496183206107
365b2ce9d1ca06a959567252,pre,jiqizhixin,2022-06-07,2022-06,__missing__,__missing__,0.0260586319218241,0.0456026058631922,0.0336590662323561,0.0195439739413681,0.00325732899022801,0.0499457111834962,0.0716612377850163,0.00868621064060804,0.0217155266015201,0.0228013029315961,0.0162866449511401,0.0152008686210641,0.00542888165038002,0,0,0.0173724212812161,0.00651465798045603,0,0,0,0.0271444082519001,0,0.00217155266015201,0,0.0792616720955483,0.0803474484256243,0.0803474484256243,0.0445168295331162,0.0716612377850163,0.0325732899022801,0,0.0173724212812161,0.146579804560261,0,0.0369163952225842,0,0.0173724212812161,79.225352112676,26.4084507042254,26.4084507042254,8.80281690140845,17.6056338028169,44.0140845070423,0,35.2112676056338,0.179487179487179,0,0,0.635003201024328,0.164276401564537,1623,1136,7.68205565797442,0.449978021978022,0.318661971830986,0.740547588005215,0.0162972620599739,0.0391134289439374,0.532741664667786,0.00130378096479791,0.00325945241199478,0,0,0,0,0,27.047619047619,49.3913043478261,1.33333333333333,1534,42,0.717225949673008,0.0285714285714286,0,0.014993481095176,0.0919165580182529,2.65159436447719,0.130434782608696,0.0169491525423729,0.030008826125331,0,23,0.430894808607961,0.915292333109265,0,0.380952380952381,0,0.0641403044019805,0.115943769071408,3,0.566157760814249,0.0238870792616721,0.000516732841465804,1.27574547135783,50,3.59977452085682,2,4.26647125741214,0.00381679389312977,0.319338422391858,0.579481397970688,0.330788804071247,0.741353711790393,786,7.77950742264018,0.477099236641221,10,7,1.44529262086514,2.57101449275362,0.456926226264059,27.0882352941176,2.38110749185668,24.5,0.142236699239957,0.00217155266015201,5.7338137573138,7.72091161546263,0.00508905852417303,34,0.487895499793487,0.110749185667752,921,0.433223816775513,5.51658823369926,0,1,28,1,0,0,0,1,0.0249728555917481,0.0597176981541802,0.0325732899022801,0.0575461454940282,0.00868621064060804,0.0173724212812161,0,0.251900108577633,0.0466883821932682,0.0401737242128122,0.0228013029315961,0.001085776330076,0.146579804560261,0.0662323561346363,0,0.172638436482085,0.0510314875135722
3c60dc0a981b686870095450,post,infoq,2026-06-26,2026-06,__missing__,__missing__,0.0173304955913652,0.0352690787473396,0.0434782608695652,0.0127698388567954,0.00516874429917908,0.0532076619033141,0.0501672240802676,0.0115536637275768,0.0237154150197628,0.0179385831559745,0.0206749771967163,0.047126786257221,0.0118577075098814,0.00486470051687443,0,0.0167224080267559,0.00425661295226513,0.000304043782304652,0,0,0.0106415323806628,0,0.00182426269382791,0,0.0644572818485862,0.0814837336576467,0.0845241714806932,0.027972027972028,0.0602006688963211,0.0273639404074187,0,0.0155062328975372,0.177561568865917,0,0.0495591365156583,0,0.0224992398905442,64.4828475625484,5.15862780500387,23.2138251225174,0,59.3242197575445,38.689708537529,0,23.2138251225174,0.256410256410256,2.57931390250193,0,0.591950958223027,0.179824561403509,5835,3877,8.26975017356104,0.47736944937833,0.151921588857364,0.708516081871345,0.0045687134502924,0.0597587719298246,0.463624652518815,0.00146198830409357,0.00383771929824561,0,0,0,0.0412371134020619,0,39.9690721649485,23.640243902439,1.77319587628866,5472,97,0.60000685018929,0.0105263157894737,0.000730994152046784,0.0299707602339181,0.107456140350877,2.53058062223865,0.128048780487805,0.00804093567251462,0.0283944243675787,0.00182748538011696,164,0.107775639526855,0.568981154428427,0.024390243902439,0.278350515463918,0,0.0376260458536452,0.0399421994329402,2.0920245398773,0.586691312384473,0.0586804499847978,0.000845438719234536,1.36171524482011,51,3.83429302623161,2,4.25022651501967,0.000369685767097967,0.298706099815157,0.600127959053103,0.158964879852126,0.772862624712203,2705,8.61770389243356,0.304990757855823,9,8,1.43327171903882,2.51084337349398,0.493281390176508,20.1779141104294,2.28245667376102,18,0.132259045302524,0.00790513833992095,6.10721160472858,8.53330199058347,0,163,0.56193032628918,0.103678929765886,3289,0.449790931687018,5.94580490657023,0.161290322580645,1,21,1,0,0,0,1,0.0273639404074187,0.0364852538765582,0.0416539981757373,0.0656734569778048,0.0112496199452721,0.0155062328975372,0,0.219519610823959,0.0304043782304652,0.0431742170872606,0.0218911523259349,0.0167224080267559,0.177561568865917,0.0516874429917908,0,0.177257525083612,0.0638491942839769
44aa81958a6c585ee8c06847,post,infoq,2026-01-16,2026-01,__missing__,__missing__,0.0142222222222222,0.0382222222222222,0.0577777777777778,0.0293333333333333,0.0186666666666667,0.0213333333333333,0.064,0.00888888888888889,0.0231111111111111,0.0151111111111111,0.0231111111111111,0.0328888888888889,0.0106666666666667,0.000888888888888889,0,0.00977777777777778,0.00444444444444444,0.000888888888888889,0,0,0.0204444444444444,0,0,0,0.0524444444444444,0.112,0.0684444444444444,0.0284444444444444,0.0657777777777778,0.0204444444444444,0,0.0213333333333333,0.181333333333333,0,0.0284444444444444,0,0.0275555555555556,7.71604938271605,0,0,0,15.4320987654321,7.71604938271605,0,30.8641975308642,0.0256410256410256,0,0,0.615690959776981,0.286563071297989,2351,1296,8.10680234740167,0.486622333751568,0.324845679012346,0.592321755027422,0.00959780621572212,0.043418647166362,0.558169934640523,0.00594149908592322,0.0114259597806216,0,0,0,0.1,0,32.4,40.5,1.225,2188,40,0.802937897274782,0.0277777777777778,0.0118829981718464,0.0159963436928702,0.107404021937843,3.31160527391373,0.09375,0.0137111517367459,0.0123743232791957,0.000457038391224863,32,-0.0625042135280903,0.502470652468364,0,0.3,2.31481481481481,0.0563317176855585,0.0738882833934267,3.65625,0.592833876221498,0.0417777777777778,0.000861118993196835,1.62246845193855,57,4.30558096980787,2,4.21619326833488,0.00325732899022801,0.249728555917481,0.591033851784081,0.357220412595005,0.782907542579075,921,8.16525393219888,0.509229098805646,11,7,1.4071661237785,2.60238095238095,0.345337389093041,35.15625,2.81422222222222,31.5,0.178666666666667,0,6.01603428255521,8.1720824099976,0.00217155266015201,32,0.49874746820113,0.104,1125,0.500214288785392,6.0291173148242,0.193548387096774,0.947368421052632,21,0,0,0,1,1,0.0533333333333333,0.0453333333333333,0.0568888888888889,0.0328888888888889,0.00888888888888889,0.00888888888888889,0,0.219555555555556,0.0364444444444444,0.0488888888888889,0.0151111111111111,0.00355555555555556,0.181333333333333,0.0444444444444444,0,0.152,0.0924444444444444
48a7a6192771112323fd6820,post,infoq,2026-02-24,2026-02,__missing__,__missing__,0.0192775776457989,0.0275533054230357,0.0307662350306689,0.0140200564696719,0.0113912958816084,0.0327134650959011,0.0595852399961055,0.00418654464024925,0.0203485541816766,0.0181092396066595,0.0184013241164444,0.0173303475805666,0.0227825917632168,0.00175250705870899,0,0.0245350988219258,0.00545224418265018,9.73615032616104e-05,0,0,0.11732061143024,0,0.000486807516308052,0,0.0483886671210203,0.0761366955505793,0.0785707331321196,0.0111965728750852,0.0511147892123454,0.018498685619706,0,0.0147015869925032,0.188102424301431,0,0.0492649206503748,0,0.0179145166001363,33.7040781934614,1.12346927311538,6.74081563869228,6.74081563869228,55.0499943826536,19.0989776429615,1.12346927311538,14.6051005504999,0.179487179487179,0,0,0.776030316635822,0.385969249023582,22168,8901,8.33470334428935,0.442337062604142,0.102572744635434,0.440055371533099,0.00608098086715776,0.0217036634201809,0.442782933773827,0.0135956889306373,0.00257082117961141,0,0.0126126126126126,0.0216216216216216,0.0126984126984127,0,28.2571428571429,16.0378378378378,2.25396825396825,20227,315,0.982251916090847,0.0251046025104603,0.00444949819548129,0.0354476689573343,0.111830721313096,3.80840375772995,0.0594594594594595,0.0244722400751471,0.0501236232861317,0.000444949819548129,555,0.12409739499037,0.836522908679074,0.0469387755102041,0.279365079365079,0.112346927311538,0.0398624136151563,0.043204185296277,1.75936883629191,0.474946056101654,0.0215168922208159,0.0010631160155646,1.51916801043422,139,4.44664072101598,2,4.15422232223361,0.00623351714217214,0.310956605130664,0.524887341253585,0.146607528170702,0.753814145335436,8342,9.39547646891582,0.264924478542316,45,13,1.06629105730041,2.97955447055233,0.515114598299151,20.258382642998,2.36909745886476,16,0.127835653782494,0.00408918313698764,5.77090901165783,8.0753612218194,0.0189403020858307,507,0.864858578161621,0.0868464609093564,10271,0.713638115799412,5.93184263753863,0.516129032258065,1,21,1,0,0,0,0,0.0250219063382339,0.0351475026774413,0.0296952584947912,0.0567617564015188,0.0037970986272028,0.0194723006523221,0,0.187810339791646,0.011001849868562,0.0525752117612696,0.0465387985590498,0.00856781228702171,0.187810339791646,0.0382630707818129,0,0.134650959010807,0.162885794956674
48bda219eb0776f623161899,post,infoq,2026-01-29,2026-01,__missing__,__missing__,0.02152190622598,0.0304893671534717,0.0222905457340507,0.0245964642582629,0.00819882141942096,0.0261337432744043,0.101204201895977,0.0225467589034076,0.0217781193953369,0.0112733794517038,0.0251088905969767,0.0361260568793236,0.00614911606456572,0.00179349218549833,0,0.0120420189597745,0.00128106584678452,0,0,0,0.0248526774276198,0,0,0,0.0589290289520881,0.16141429669485,0.0637970791698693,0.0194722008711248,0.0694337688957212,0.0289520881373303,0,0.00896746092749167,0.140404816807584,0,0.0317704330002562,0,0.0194722008711248,19.7316495659037,0,1.97316495659037,5.91949486977111,9.86582478295186,5.91949486977111,5.91949486977111,19.7316495659037,0.230769230769231,0,0,0.548424355593201,0.171084337349398,7429,5068,8.38545748682878,0.478681549573211,0.146408839779006,0.718355776045358,0.00326009922041106,0.0398299078667612,0.466090318423455,0.00793763288447909,0.0140326009922041,0.00862068965517241,0,0,0,0,43.6896551724138,40.8709677419355,1.39655172413793,7055,116,0.829153873267112,0.0576923076923077,0.00652019844082211,0.0191353649893692,0.0942593905031892,3.38248499334838,0.0161290322580645,0.0110559886605245,0.0750246791707799,0.000992204110559887,124,-0.118352287197389,0.476042229544427,0.0725806451612903,0.25,0.986582478295186,0.068152230393331,0.0894496096533986,2.99193548387097,0.619487485101311,0.0586728157827312,0.000415880594963612,1.51410188209021,87,4.30007938608097,2,4.13329102089783,0.00238379022646007,0.293504171632896,0.591955543794655,0.185935637663886,0.749214000614062,3356,8.71533668946215,0.316746126340882,10,8,1.50566150178784,2.56551255940258,0.445237395490763,31.4758064516129,2.74942352036895,29,0.23264155777607,0.00281834486292595,5.67129264811784,8.02331718703138,0,124,0.468797780628888,0.0950550858314117,3903,0.419189031287205,5.50135763172867,0,0.769230769230769,13,0,0,0,0,0,0.0353574173712529,0.0609787343069434,0.0210094798872662,0.0325390725083269,0.0222905457340507,0.0117858057904176,0,0.318472969510633,0.0222905457340507,0.0684089162182936,0.0130668716372022,0.00614911606456572,0.140148603638227,0.0433000256213169,0,0.151678196259288,0.0525236997181655
69abca8744c1316fa7b64945,pre,jiqizhixin,2022-06-03,2022-06,__missing__,__missing__,0.0232558139534884,0.025369978858351,0.0317124735729387,0.0190274841437632,0.00951374207188161,0.0285412262156448,0.0813953488372093,0.00739957716701903,0.0232558139534884,0.0158562367864693,0.0137420718816068,0.0116279069767442,0.00845665961945032,0.00211416490486258,0,0.0211416490486258,0,0,0,0,0.0348837209302326,0,0,0,0.0591966173361522,0.177589852008457,0.0761099365750529,0.0359408033826638,0.0697674418604651,0.025369978858351,0,0.0137420718816068,0.125792811839323,0,0.0391120507399577,0,0.0200845665961945,8.78734622144112,0,0,0,8.78734622144112,8.78734622144112,0,8.78734622144112,0.0256410256410256,0,0,0.619104165677101,0.304953560371517,2131,1138,7.89867365767211,0.475805946791862,0.340070298769772,0.587203302373581,0.00309597523219814,0.0263157894736842,0.568538842263826,0.00825593395252838,0.0237358101135191,0,0,0,0,0,39.2413793103448,29.9473684210526,1.68965517241379,1938,29,0.784496947162906,0,0.00309597523219814,0.0242518059855521,0.0841073271413829,3.09057980546146,0.0526315789473684,0.0123839009287926,0.0299559471365639,0,38,0.00770469836731231,0.582306080179849,0,0.310344827586207,1.75746924428822,0.0375208439027195,0.0486099122612281,2.40540540540541,0.579201934703748,0.0190274841437632,0.000175207299725913,1.49095196116987,65,3.90979097909791,2,4.12814958219882,0.00362756952841596,0.244256348246675,0.608360836083608,0.322853688029021,0.765357142857143,827,7.92857316411815,0.488512696493349,10,8,1.37605804111245,2.67352941176471,0.495142186530508,25.5675675675676,2.52114164904863,22,0.233615221987315,0.0147991543340381,5.74244041401541,7.78095002133469,0,37,0.610173777070776,0.0940803382663848,946,0.549038286254398,5.38539432970383,0.24,0.9375,16,1,0,0,0,0,0.0190274841437632,0.0433403805496829,0.0306553911205074,0.0369978858350951,0.00739957716701903,0.0190274841437632,0,0.282241014799154,0.0359408033826638,0.0549682875264271,0.0137420718816068,0.0126849894291755,0.125792811839323,0.0380549682875264,0,0.161733615221987,0.118393234672304
728a99c83fb531b12cc55802,pre,jiqizhixin,2022-06-23,2022-06,__missing__,__missing__,0.03125,0.0300925925925926,0.025462962962963,0.0243055555555556,0.00405092592592593,0.0405092592592593,0.0885416666666667,0.00231481481481481,0.0219907407407407,0.0127314814814815,0.0277777777777778,0.00810185185185185,0.00578703703703704,0.00115740740740741,0,0.0144675925925926,0.00231481481481481,0,0,0,0.0590277777777778,0,0.00173611111111111,0,0.0717592592592593,0.129050925925926,0.0630787037037037,0.0237268518518519,0.0746527777777778,0.0353009259259259,0,0.0167824074074074,0.137731481481481,0,0.03125,0,0.0150462962962963,14.4508670520231,0,0,4.81695568400771,19.2678227360308,0,9.63391136801541,19.2678227360308,0.0512820512820513,0,0,0.63199318744839,0.249920204277051,3390,2076,7.86927363489146,0.42338237159163,0.216281310211946,0.662623683370571,0.002553463134376,0.034152569422279,0.475959142999502,0.003830194701564,0.003511011809767,0.0793650793650794,0,0.0175438596491228,0,0,32.9523809523809,36.4210526315789,1.47619047619048,3133,63,0.967968652991673,0.107142857142857,0.003830194701564,0.020108522183211,0.0839451005426109,2.90692505029939,0.087719298245614,0.016597510373444,0.0680173661360347,0,57,0.0694960857922477,0.599914653067655,0.0535714285714286,0.444444444444444,0.963391136801541,0.0684678761094431,0.073911004229656,3.18518518518519,0.550705171255876,0.0104166666666667,0.000792019170332078,1.48300262669153,64,4.25448028673835,2,4.16756800634988,0.00604432505036938,0.300201477501679,0.578255675029869,0.212222968435191,0.713043165467626,1489,8.00675506747956,0.363331094694426,14,9,1.39355271994627,2.64454976303318,0.458026726156344,32,2.73263888888889,28.5,0.212384259259259,0.00405092592592593,5.76388511230918,7.9573684240944,0.00134318334452653,54,0.497279927595,0.099537037037037,1728,0.506348031713856,5.4404229482685,0.414634146341463,1,21,1,0,0,0,0,0.03125,0.0671296296296296,0.0248842592592593,0.0462962962962963,0.00231481481481481,0.0121527777777778,0,0.249421296296296,0.0243055555555556,0.056712962962963,0.0150462962962963,0.00694444444444444,0.137731481481481,0.0590277777777778,0.000578703703703704,0.162037037037037,0.104166666666667
73e9f6e61e27e1e32264551f,pre,infoq,2021-07-02,2021-07,__missing__,__missing__,0.0230007077140835,0.024416135881104,0.0258315640481246,0.016277423920736,0.00707714083510262,0.0336164189667374,0.0845718329794763,0.0148619957537155,0.0222929936305732,0.0201698513800425,0.0198159943382873,0.0251238499646143,0.0123849964614296,0.00141542816702052,0,0.0304317055909413,0.00707714083510262,0.000353857041755131,0,0,0.0152158527954706,0,0,0,0.0721868365180467,0.113941967445152,0.0856334041047417,0.0318471337579618,0.0661712668082095,0.0322009907997169,0,0.0226468506723284,0.130573248407643,0,0.0435244161358811,0,0.0173389950460014,76.313472262988,0,32.2864690343411,5.87026709715292,35.2216025829175,38.156736131494,0,23.4810683886117,0.230769230769231,0,0,0.503358562650666,0.275719390633816,5794,3407,7.99202357563353,0.426440852819807,0.158497211623129,0.640774873048712,0.00338536768854617,0.0340417528681587,0.456746626686657,0.00300921572315215,0.0105322550310325,0.019047619047619,0,0,0,0,32.447619047619,27.6991869918699,1.60952380952381,5317,105,0.948262840069454,0.0337078651685393,0.00564227948091029,0.0233214218544292,0.0729734812864397,2.58441041007488,0.016260162601626,0.00225691179236412,0.0611045828437133,0.000564227948091029,123,0.101539226427401,0.518836310405655,0.0573770491803279,0.323809523809524,0,0.0626289690936625,0.0896994091304602,2.03252032520325,0.518111518111518,0.0399858457183298,0.000193187208408474,1.42238305382822,81,3.81908990011099,2,4.28598568866834,0.00407000407000407,0.334961334961335,0.597854236034036,0.174603174603175,0.717103477523325,2457,8.30507734916391,0.301587301587302,9,8,1.38665038665039,2.53564727954972,0.432849100720506,22.9756097560976,2.35916489738146,22,0.173036093418259,0.00353857041755131,6.13602401011942,8.60194096469688,0.00529100529100529,123,0.49803489887118,0.0884642604387827,2826,0.498644032708739,5.95589019141018,0.315789473684211,1,11,1,1,0,0,0,0.0258315640481246,0.0552016985138004,0.0247699929228592,0.046001415428167,0.0148619957537155,0.0283085633404105,0,0.233545647558386,0.0336164189667374,0.059447983014862,0.035031847133758,0.00141542816702052,0.130573248407643,0.0523708421797594,0,0.164897381457891,0.0941259731068648
764d1aba4f71b3a0f5d071c2,pre,jiqizhixin,2022-06-23,2022-06,__missing__,__missing__,0.0197022767075306,0.0341506129597198,0.0245183887915937,0.0306479859894921,0.00831873905429072,0.0271453590192644,0.0683012259194396,0.0227670753064799,0.0118213660245184,0.00963222416812609,0.0617338003502627,0.0450963222416813,0.00612959719789842,0.000875656742556918,0,0.00875656742556918,0.000875656742556918,0,0,0,0.00569176882661997,0,0,0,0.0424693520140105,0.246935201401051,0.0551663747810858,0.0201401050788091,0.0621716287215412,0.0232049036777583,0,0.0140105078809107,0.118651488616462,0,0.0218914185639229,0,0.00919439579684764,27.6497695852535,9.21658986175115,3.07219662058372,0,6.14439324116743,12.2887864823349,12.2887864823349,15.3609831029186,0.128205128205128,0,0,0.598387096774194,0.0297326786688489,3789,3255,8.22174439674258,0.472274310595065,0.188018433179723,0.887888707037643,0.000818330605564648,0.0499181669394435,0.458444792915783,0.0010911074740862,0.00791052918712493,0.116279069767442,0,0,0,0.116279069767442,75.6976744186046,66.4285714285714,1.65116279069767,3666,43,1.29013465093297,0.19047619047619,0.000545553737043099,0.0136388434260775,0.074468085106383,2.28750530756962,0,0.00818330605564648,0.104551045510455,0,49,-0.189717788114944,0.500202294607011,0.0204081632653061,0.209302325581395,0,0.0858058064094968,0.11948493311332,3.46,0.689021361152509,0.0678633975481611,0.000234181767496788,1.56022166078326,68,4.54162936436884,2,3.95075620662736,0,0.266269249875807,0.679946284691137,0.198708395429707,0.744958202716823,2013,8.39107531220745,0.346746150024839,11,13,1.61698956780924,2.64066193853428,0.530750254261409,45.68,3.01970227670753,39.5,0.359019264448336,0,5.30660908795076,7.43613995869643,0,50,0.48530742121131,0.0757443082311734,2284,0.338111952609171,5.43417031486592,0,0.954545454545455,26,0,0,0,0,1,0.0332749562171629,0.0310858143607706,0.0227670753064799,0.0337127845884413,0.0223292469352014,0.00788091068301226,0,0.392732049036778,0.0227670753064799,0.100262697022767,0.00525394045534151,0.026707530647986,0.118651488616462,0.0341506129597198,0,0.131786339754816,0.0166374781085814
7d5e92ccde58b3b78616293c,pre,infoq,2021-07-19,2021-07,__missing__,__missing__,0.0269823788546256,0.0308370044052863,0.0446035242290749,0.0280837004405286,0.00825991189427313,0.0231277533039648,0.0748898678414097,0.013215859030837,0.0280837004405286,0.00991189427312775,0.039647577092511,0.0335903083700441,0.0159691629955947,0.00110132158590308,0,0.0121145374449339,0.00165198237885463,0,0,0,0.0121145374449339,0,0,0,0.0578193832599119,0.150330396475771,0.0627753303964758,0.0319383259911894,0.0556167400881057,0.0352422907488987,0,0.00991189427312775,0.135462555066079,0,0.0341409691629956,0,0.0225770925110132,45.5298013245033,4.13907284768212,8.27814569536424,0,33.112582781457,28.9735099337748,8.27814569536424,20.6953642384106,0.205128205128205,0,0,0.486793770695364,0.0501917044266295,3026,2416,8.01125485889377,0.440856546687533,0.204884105960265,0.842105263157895,0.00104566050888811,0.0512373649355176,0.468409063661431,0.00174276751481352,0.0191704426629488,0,0,0,0,0,48.32,37.1692307692308,1.66,2869,50,0.900583118845445,0.244444444444444,0.00069710700592541,0.0223074241896131,0.0850470547229,2.33469917040817,0.169230769230769,0.00627396305332869,0.082469954413593,0.00139421401185082,65,0.242957677350694,0.566284162431282,0.153846153846154,0.26,0,0.0850240656763028,0.10892248541534,3.20967741935484,0.644585987261146,0.0468061674008811,0.000871273816340078,1.42980299839705,60,4.03933865450399,2,4.22763361657463,0.00127388535031847,0.281528662420382,0.635689851767389,0.210828025477707,0.702372535690007,1570,8.14600660466305,0.363057324840764,9,8,1.53885350318471,2.59084194977843,0.455790495562972,29.2903225806452,2.68777533039648,26.5,0.245044052863436,0.00110132158590308,5.86250633807643,8.11182886456347,0,62,0.510510965774429,0.109581497797357,1816,0.394335272330638,5.75850844163677,0.0909090909090909,1,17,0,0,0,0,1,0.0424008810572687,0.0523127753303965,0.0412995594713656,0.0390969162995595,0.0126651982378855,0.0121145374449339,0,0.287995594713656,0.0346916299559471,0.0655286343612335,0.0115638766519824,0.0225770925110132,0.135462555066079,0.0501101321585903,0,0.162995594713656,0.0291850220264317
81938af852e380b36bede22b,pre,infoq,2022-01-26,2022-01,__missing__,__missing__,0.02322206095791,0.0333817126269956,0.0319303338171263,0.0174165457184325,0.011611030478955,0.0145137880986938,0.0841799709724238,0.0159651669085631,0.0217706821480406,0.00725689404934688,0.0304789550072569,0.0362844702467344,0.0145137880986938,0.00290275761973875,0,0.00290275761973875,0,0,0,0,0.00290275761973875,0,0,0,0.0420899854862119,0.20899854862119,0.0711175616835994,0.0290275761973875,0.0624092888243832,0.0203193033381713,0,0.0217706821480406,0.148040638606676,0,0.0275761973875181,0,0.0174165457184325,22.3463687150838,0,0,0,0,11.1731843575419,11.1731843575419,0,0.0512820512820513,0,0,0.706850926198177,0.0443213296398892,1150,895,7.78449830631898,0.496020202020202,0.387709497206704,0.826408125577101,0,0.0581717451523546,0.564885496183206,0,0.0332409972299169,0,0,0,0,0,74.5833333333333,44.75,1.83333333333333,1083,12,0.602070851786425,0,0.00554016620498615,0.0193905817174515,0.0960295475530933,2.35866697266816,0,0.00738688827331487,0.0179372197309417,0.00461680517082179,20,0.0559221084617234,0.736477291934743,0.1,0.0833333333333333,0,0.0626721620967527,0.081289046164494,3.57894736842105,0.674616695059625,0.0522496371552975,0.000215836612319811,1.80723727821554,98,4.5089552238806,2,3.9908630590243,0,0.229982964224872,0.638805970149254,0.395229982964225,0.768831967213115,587,7.68454982018473,0.551959114139693,10,7,1.52470187393526,2.65873015873016,0.44381439738926,36.2631578947368,2.71117561683599,27,0.28011611030479,0,5.46083799778465,7.37376120297172,0,19,0.675170440203856,0.0986937590711176,689,0.41089375980311,5.47579202028015,0.0714285714285714,1,12,0,1,0,0,0,0.0319303338171263,0.0319303338171263,0.0304789550072569,0.0290275761973875,0.0159651669085631,0.00290275761973875,0,0.333817126269956,0.034833091436865,0.0827285921625544,0.0058055152394775,0.0304789550072569,0.148040638606676,0.0275761973875181,0,0.148040638606676,0.04644412191582
9b964dd771030c4c78575a88,pre,jiqizhixin,2022-06-14,2022-06,__missing__,__missing__,0.0203691915977085,0.0286441756842775,0.0159134309357097,0.0350095480585614,0.011457670273711,0.0350095480585614,0.0922978994271165,0.00954805856142584,0.0203691915977085,0.00572883513685551,0.063653723742839,0.00891152132399745,0.00063653723742839,0.00127307447485678,0,0.0203691915977085,0,0.00063653723742839,0,0,0.122215149586251,0,0,0,0.0744748567791216,0.134945894334819,0.0509229789942712,0.0159134309357097,0.0725652450668364,0.0171865054105665,0,0.0101845957988542,0.0872056015276894,0,0.0280076384468491,0,0.0165499681731381,15.4320987654321,0,5.1440329218107,5.1440329218107,10.2880658436214,5.1440329218107,0,10.2880658436214,0.0769230769230769,0,0,0.351957070707071,0.347576713507313,3848,1944,7.20727238608104,0.302135640138408,0.164094650205761,0.557499283051334,0.00630914826498423,0.0238026957269859,0.415315540034921,0.00143389733295096,0.022368798394035,0.0352941176470588,0,0,0,0,22.8705882352941,43.2,1.23529411764706,3487,85,1.29183802063475,0.102941176470588,0.00917694293088615,0.0229423573272154,0.0719816461141382,3.40927084835088,0,0,0.208140133951571,0.00114711786636077,45,0.468300945179505,0.470149975909373,0.113636363636364,0.576470588235294,0.51440329218107,0.168683694949782,0.234640093395693,3.11363636363636,0.49302649930265,0.0184595798854233,0.000443023355920873,1.52558914942862,117,5.22396856581532,2,4.10655110186873,0,0.317991631799163,0.554027504911591,0.166666666666667,0.603625468164794,1434,7.48874668846031,0.287308228730823,37,8,1.35564853556485,2.62371134020619,0.319877714157515,35.7045454545455,2.90833863781031,29.5,0.253978357733927,0,5.47122678760351,7.243020562434,0,44,0.79270612264502,0.0872056015276894,1571,1.86908222085624,5.45631427895053,0.166666666666667,1,26,0,1,0,0,0,0.0483768300445576,0.0496499045194144,0.00954805856142584,0.0369191597708466,0.00954805856142584,0.0190961171228517,0,0.243157224697645,0.0254614894971356,0.112667091024825,0.0063653723742839,0,0.0872056015276894,0.0560152768936983,0,0.148949713558243,0.147040101845958
9e271d7b118c949e83c9ff8d,pre,infoq,2022-06-09,2022-06,__missing__,__missing__,0.0160064025610244,0.0360144057623049,0.0528211284513806,0.0252100840336134,0.00720288115246098,0.0316126450580232,0.0988395358143257,0.00800320128051221,0.0304121648659464,0.0160064025610244,0.0280112044817927,0.0124049619847939,0.0200080032012805,0.00040016006402561,0,0.0208083233293317,0.0136054421768707,0.00040016006402561,0,0,0.023609443777511,0,0.00120048019207683,0,0.0680272108843537,0.0968387354941977,0.0816326530612245,0.0224089635854342,0.0536214485794318,0.0332132853141257,0,0.0232092837134854,0.121648659463786,0,0.0280112044817927,0,0.0288115246098439,50.4891132849479,6.31113916061849,15.7778479015462,9.46670874092774,50.4891132849479,9.46670874092774,15.7778479015462,37.866834963711,0.256410256410256,0,0,0.841130595501059,0.19613196814562,4682,3169,8.10513709595239,0.446156554307116,0.179551909119596,0.721046643913538,0.00500568828213879,0.0452787258248009,0.456484348125215,0.000455062571103527,0.0104664391353811,0.16,0,0,0,0.02,63.38,44.6338028169014,1.64,4395,50,0.909427762281343,0,0.000455062571103527,0.0186575654152446,0.0723549488054608,2.10802965933901,0.23943661971831,0.000910125142207053,0.0350600126342388,0.00113765642775882,71,-0.167679004126213,0.729644934278614,0,0.36,0,0.0593433133784498,0.0725115560874749,3.98571428571429,0.547608200455581,0.0204081632653061,0.000399897202831315,1.66651886162956,97,4.2013174145739,2,4.33922225512024,0.0109339407744875,0.348519362186788,0.61794977356937,0.181776765375854,0.73700858778626,2195,8.30336952308981,0.322095671981777,10,12,1.44373576309795,2.57582184517497,0.401086418612648,35.7,2.89355742296919,30.5,0.166066426570628,0.000800320128051221,6.28626642808867,8.72934464500414,0.000911161731207289,70,0.659311401136285,0.111644657863145,2499,0.451291022961506,6.19634468777327,0.620689655172414,0.888888888888889,9,0,0,0,1,0,0.0508203281312525,0.0608243297318928,0.0500200080032013,0.0524209683873549,0.00800320128051221,0.0192076830732293,0,0.217286914765906,0.0272108843537415,0.0836334533813525,0.0264105642256903,0.0132052821128451,0.121648659463786,0.0556222488995598,0,0.149659863945578,0.0640256102440976
a05a8bb2f7fe7bfe85ba7e46,pre,infoq,2022-04-28,2022-04,__missing__,__missing__,0.0213231273920175,0.032258064516129,0.0153089119737562,0.024603608529251,0.0153089119737562,0.0289775833788956,0.0634226353198469,0.0202296336796063,0.014215418261345,0.010388190267906,0.0338983050847458,0.0672498633132859,0.00656096227446692,0,0,0.00874794969928923,0.000546746856205577,0,0,0,0.00765445598687808,0,0.000546746856205577,0,0.0404592673592127,0.253690541279388,0.0519409513395298,0.0262438490978677,0.0639693821760525,0.0224166211044287,0,0.0136686714051394,0.122471295790049,0,0.0202296336796063,0,0.0136686714051394,49.8848810437452,0,3.83729854182655,0,19.1864927091328,38.3729854182655,7.67459708365311,0,0.256410256410256,0,0,0.723669360299761,0.0496832277425809,3133,2606,8.14941732685346,0.447313716184148,0.205679201841903,0.868956318772924,0.00133377792597533,0.0560186728909637,0.458546571136131,0,0.00566855618539513,0.0571428571428571,0,0.0285714285714286,0,0.0857142857142857,74.4571428571429,74.4571428571429,1.42857142857143,2999,35,0.973523774461172,0.15625,0.000666888962987663,0.0116705568522841,0.0756918972990997,2.13769169025791,0.114285714285714,0.000666888962987663,0.100268920476373,0.00433477825941981,35,-0.0988060540175613,0.657617590389,0.0285714285714286,0.342857142857143,0,0.0890620570667247,0.111223141176597,4.02702702702703,0.694080996884735,0.0874794969928923,0.000200052272135994,1.85998809854439,130,5.06863839285714,2,3.94408874204586,0.00809968847352025,0.236760124610592,0.643973214285714,0.210591900311526,0.720385126162019,1605,8.2356363735204,0.358878504672897,13,8,1.62367601246106,2.71927162367223,0.465658086379571,49.4324324324324,3.05358119190815,39,0.333515582285402,0,5.31759919110748,7.41625673102464,0.000623052959501558,37,0.695698798451215,0.0814652815746309,1829,0.355482581681446,5.39517378260252,0,1,19,0,0,1,0,0,0.0311645708037179,0.038819026790596,0.0136686714051394,0.0360852925095681,0.0202296336796063,0.00765445598687808,0,0.400218698742482,0.0295243302351011,0.0634226353198469,0.0136686714051394,0.0360852925095681,0.122471295790049,0.0278840896664844,0,0.127938764352105,0.0311645708037179
a127f5baf364930a89fb4005,post,infoq,2025-10-23,2025-10,__missing__,__missing__,0.0171597633136095,0.0337278106508876,0.0272189349112426,0.036094674556213,0.00473372781065089,0.0343195266272189,0.0988165680473373,0.00650887573964497,0.0266272189349112,0.0171597633136095,0.0254437869822485,0.0118343195266272,0.00414201183431953,0.00177514792899408,0,0.0325443786982249,0,0.000591715976331361,0,0,0.0248520710059172,0,0,0,0.0603550295857988,0.143786982248521,0.0680473372781065,0.0266272189349112,0.078698224852071,0.0331360946745562,0,0.0106508875739645,0.121301775147929,0,0.0337278106508876,0,0.0201183431952663,46.2320850670365,4.62320850670365,9.2464170134073,0,13.869625520111,36.9856680536292,0,18.4928340268146,0.128205128205128,0,0,0.510267725801706,0.250073811632713,3647,2163,7.62380825824212,0.383605769230769,0.174294960702728,0.638618246235607,0.00531443755535872,0.0339533510481252,0.416160171612442,0.0023619722468261,0.0224387363448479,0,0,0,0,0,34.3333333333333,38.625,1.28571428571429,3387,63,0.752894579899039,0.166666666666667,0.00767640980218482,0.0289341600236197,0.0885739592559787,3.08257162167509,0,0.000590493061706525,0.117592592592593,0.00383820490109241,56,-0.0458192522866985,0.482067207332154,0.107142857142857,0.349206349206349,0.462320850670365,0.0882412382805024,0.12848070256504,2.94736842105263,0.565948855989233,0.0183431952662722,0.000856050885528443,1.46223643619917,63,4.16227801592162,2,4.17854830753385,0.00605652759084791,0.306864064602961,0.613594611145132,0.160834454912517,0.692595529920692,1486,7.79663726883507,0.302153432032301,8,9,1.45558546433378,2.45933734939759,0.494450613392694,29.6491228070175,2.71775147928994,27,0.222485207100592,0.00887573964497041,5.81369894007778,8.07367952582084,0,57,0.470304404588173,0.0994082840236686,1690,0.50551545288723,5.44732341839197,0.325581395348837,0.882352941176471,18,0,1,1,0,0,0.0366863905325444,0.0775147928994083,0.0260355029585799,0.0384615384615385,0.00650887573964497,0.0343195266272189,0,0.272781065088757,0.0301775147928994,0.0562130177514793,0.0136094674556213,0,0.120710059171598,0.0431952662721894,0,0.162130177514793,0.0816568047337278
aa8f2104314751c5873dbab7,pre,jiqizhixin,2022-06-06,2022-06,__missing__,__missing__,0.0276381909547739,0.0416367552045944,0.0412778176597272,0.0215362526920316,0.0053840631730079,0.0323043790380474,0.0793251974156497,0.0147164393395549,0.0272792534099067,0.0233309404163676,0.0276381909547739,0.0165111270638909,0.00969131371141421,0.00215362526920316,0,0.0247666905958363,0.00358937544867193,0,0,0,0.00358937544867193,0,0.000358937544867193,0,0.0793251974156497,0.0825556353194544,0.0825556353194544,0.0466618808327351,0.070710696338837,0.029791816223977,0,0.0183058147882268,0.127063890882986,0,0.0387652548456569,0,0.0215362526920316,62.3406064040805,0,5.66732785491641,19.8356474922074,17.0019835647492,36.8376310569566,0,22.6693114196656,0.205128205128205,0,0,0.53375000668317,0.104407836153161,4663,3529,8.28156505293941,0.471984818481848,0.192122414281666,0.785618878005343,0.00378450578806768,0.042520035618878,0.514276522158771,0.00267141585040071,0.0242653606411398,0,0.00934579439252336,0,0,0,45.8311688311688,32.981308411215,1.62337662337662,4492,77,0.773078154841499,0.0410958904109589,0.00445235975066785,0.0258236865538736,0.0857079252003562,2.40209604024786,0,0.00445235975066785,0.0399886557005105,0.000445235975066785,107,0.168715070574963,0.59380480664175,0.0288461538461538,0.25974025974026,0.28336639274582,0.0350927024277379,0.0315375213327385,3.10185185185185,0.571134868421053,0.0312275664034458,0.000297413115016321,1.45566439564782,55,4.06497386109037,2,4.30740014035095,0.0304276315789474,0.344983552631579,0.608663181478715,0.227796052631579,0.769609944277754,2432,8.70190409537008,0.372121710526316,11,8,1.45024671052632,2.51691729323308,0.482745752991481,25.7962962962963,2.49569274946159,23,0.159368269921034,0.00143575017946877,6.21101556509008,8.70431403049038,0.00205592105263158,108,0.529233661278932,0.12024407753051,2786,0.428226047613806,5.94711481130747,0.382978723404255,0.91304347826087,24,1,0,0,0,1,0.0369705671213209,0.0577889447236181,0.0398420674802584,0.042713567839196,0.0147164393395549,0.018664752333094,0,0.237975592246949,0.0477386934673367,0.0585068198133525,0.0445082555635319,0.0165111270638909,0.127063890882986,0.0642498205312276,0,0.167264895908112,0.0254845656855707
b186cdd4f9004e0413395bf3,post,infoq,2026-05-06,2026-05,__missing__,__missing__,0.0144764216366158,0.0328536754507628,0.0587725381414702,0.017250346740638,0.0052877947295423,0.0343273231622746,0.0651005547850208,0.00606796116504854,0.0357142857142857,0.0277392510402219,0.013002773925104,0.0134361997226075,0.0143897364771151,0.00277392510402219,0,0.0321601941747573,0.00849514563106796,0.00225381414701803,0,0,0.00858183079056865,0,0.000693481276005548,0,0.0757628294036061,0.0699549237170596,0.0921463245492372,0.0341539528432732,0.064753814147018,0.0272191400832178,0,0.0151699029126214,0.158200416088766,0,0.0450762829403606,0,0.0241851595006935,62.7096397841622,5.83345486364299,26.9797287443488,4.37509114773224,24.7921831704827,27.7089106023042,2.18754557386612,30.6256380341257,0.358974358974359,0,1.45836371591075,0.593502948448903,0.121326803205699,18894,13714,8.45916314742001,0.461653121452894,0.0768557678284964,0.763245770258237,0.0105186999109528,0.0430209260908281,0.440796318527411,0.00239314336598397,0.0112978628673197,0.180981595092025,0.0056390977443609,0,0,0.00613496932515337,42.0674846625767,25.7781954887218,2.02453987730061,17968,326,1.04900358560901,0.0443548387096774,0.00211487088156723,0.0302203918076581,0.103795636687444,2.75350814676142,0.156015037593985,0.0138579697239537,0.0533877908248851,0.000445235975066785,532,0.0239444485973966,0.555061564267405,0.0572519083969466,0.208588957055215,0.0729181857955374,0.0359110213151413,0.0460365577107659,2.43570057581574,0.53976102183766,0.019504160887656,0.000531809088731361,1.35728792155661,62,4.03241034952338,2,4.27060734119096,0.0369798104655954,0.371240214256283,0.598275079437131,0.110836423568191,0.754940160266417,9708,9.0829027754924,0.207766790276061,11,9,1.41244334569427,2.68593026091197,0.415320361384081,22.1420345489443,2.39320388349515,20,0.114684466019417,0.00173370319001387,6.31982841637923,9.02892912179658,0.0165842604037907,521,0.509554627272661,0.11000346740638,11536,0.42331622214567,6.03734772115681,0.205882352941176,1,23,0,1,1,0,0,0.0338938973647712,0.0467233009708738,0.057125520110957,0.0507108183079057,0.00598127600554785,0.0267857142857143,0,0.198248959778086,0.0368411927877947,0.0433425797503467,0.0740291262135922,0.00693481276005548,0.158287101248266,0.0648404993065187,0.000173370319001387,0.158027045769764,0.0380547850208044
b77b09a419c1631227112f0c,post,infoq,2026-03-27,2026-03,__missing__,__missing__,0.0215633423180593,0.0332434860736747,0.0359389038634322,0.0350404312668464,0.00718778077268643,0.0179694519317161,0.0943396226415094,0.00988319856244385,0.0134770889487871,0.0116801437556155,0.0296495956873315,0.0296495956873315,0.00539083557951483,0.000898472596585804,0,0.0134770889487871,0,0,0,0,0.0233602875112309,0,0.000898472596585804,0,0.0512129380053908,0.210242587601078,0.0566037735849057,0.036837376460018,0.0575022461814915,0.0269541778975741,0,0.00898472596585804,0.131176999101527,0,0.0242587601078167,0,0.0125786163522013,21.0822206605762,0,7.02740688685875,0,35.1370344342937,7.02740688685875,7.02740688685875,14.0548137737175,0.0769230769230769,0,0,0.604413211524947,0.147623862487361,2091,1423,7.93117555654571,0.479887445887446,0.291637385804638,0.719413549039434,0.00151668351870576,0.0389282103134479,0.517360445041243,0.0166835187057634,0.0389282103134479,0,0,0,0,0,64.6818181818182,54.7307692307692,1.5,1978,22,0.640070246138857,0.0454545454545455,0.00303336703741153,0.0187057633973711,0.0930232558139535,3.09111133434011,0.0769230769230769,0.0101112234580384,0.0591549295774648,0.00101112234580384,26,0.199046267550112,0.599096638092372,0.0384615384615385,0.227272727272727,0,0.0720514706363947,0.1099942160168,3.37037037037037,0.622543950361944,0.0395327942497754,0.000262672109682929,1.70709662098401,79,4.70349907918969,2,4.03089188800439,0,0.24612202688728,0.65377532228361,0.281282316442606,0.769942396313364,967,7.96985145372366,0.448810754912099,11,9,1.47156153050672,2.64878048780488,0.483689309855972,41.2222222222222,2.87870619946092,35,0.296495956873315,0,5.50042941056154,7.54031208365894,0,27,0.528741771870155,0.0817610062893082,1113,0.458893436300416,5.39072803741096,0.433333333333333,1,23,0,1,0,0,0,0.0539083557951483,0.045822102425876,0.0341419586702606,0.0233602875112309,0.00988319856244385,0.0134770889487871,0,0.320754716981132,0.0404312668463612,0.078167115902965,0.00359389038634322,0.00179694519317161,0.131176999101527,0.0395327942497754,0,0.130278526504942,0.0736747529200359
be3e4a9eccc5d3a7e69212c3,pre,infoq,2021-11-05,2021-11,__missing__,__missing__,0.0198830409356725,0.0385964912280702,0.0467836257309941,0.0198830409356725,0.00935672514619883,0.0327485380116959,0.0725146198830409,0.0210526315789474,0.0233918128654971,0.00818713450292398,0.0128654970760234,0.0280701754385965,0.00701754385964912,0.00350877192982456,0,0.0105263157894737,0,0,0,0,0.0736842105263158,0,0.00116959064327485,0,0.0491228070175439,0.125146198830409,0.0748538011695906,0.0210526315789474,0.0736842105263158,0.0280701754385965,0,0.0257309941520468,0.12280701754386,0,0.0233918128654971,0,0.0269005847953216,21.1640211640212,0,10.5820105820106,10.5820105820106,63.4920634920635,0,0,0,0.0512820512820513,0,0,0.743333333333333,0.423057892132608,2309,945,7.76838004343152,0.464520179372197,0.368253968253968,0.467590301830777,0.00791687283523008,0.020781791192479,0.56331279945243,0.0024740227610094,0.0286986640277091,0.0980392156862745,0,0,0,0,9.26470588235294,45,1.07843137254902,2021,102,1.6417405402023,0,0.00593765462642256,0.0192973775358733,0.0791687283523008,3.5507629986621,0,0.00197921820880752,0.0318471337579618,0.00791687283523008,21,0.0422878605968698,0.725709934393302,0,0.519607843137255,2.11640211640212,0.0463627915485501,0.0414810335862967,4.8,0.525333333333333,0.0491228070175439,0.000528047805210525,2.01920123399553,133,4.53652694610778,2,4.25703138325133,0,0.230666666666667,0.57125748502994,0.352,0.749539170506912,750,7.95830922102498,0.517333333333333,10,9,1.26,2.56134969325153,0.386746974026862,42.75,2.86900584795322,31,0.177777777777778,0.00233918128654971,5.71570116004344,7.79028416705685,0,20,0.750249323035502,0.112280701754386,855,0.661036950304794,5.56875198524905,0.566666666666667,1,6,1,1,0,0,0,0.0280701754385965,0.047953216374269,0.0456140350877193,0.039766081871345,0.0210526315789474,0.0128654970760234,0,0.218713450292398,0.0233918128654971,0.0444444444444444,0.00233918128654971,0.00116959064327485,0.12280701754386,0.0339181286549708,0,0.167251461988304,0.190643274853801
bf1abf6ca461ec0bbac14bd7,pre,infoq,2022-01-20,2022-01,__missing__,__missing__,0.0254462590201291,0.0383592859855678,0.0273452335738701,0.0216483099126472,0.00455753892897835,0.0265856437523737,0.106722369920243,0.0106342575009495,0.017470565894417,0.0144322066084314,0.0319027725028485,0.0216483099126472,0.00531712875047474,0.000379794910748196,0,0.0129130269654387,0.000379794910748196,0,0,0,0.00455753892897835,0,0.00113938473224459,0,0.0691226737561717,0.181162172426889,0.0584884162552222,0.0262058488416255,0.0691226737561717,0.0410178503608052,0,0.0106342575009495,0.120774781617926,0,0.0345613368780858,0,0.017470565894417,44.7928331466965,5.59910414333707,25.1959686450168,0,22.3964165733483,2.79955207166853,16.7973124300112,8.3986562150056,0.102564102564103,0,0,0.581417195470947,0.0955966233173625,4640,3572,8.14642934872815,0.432458835014644,0.16013437849944,0.814966917636322,0.000228154232261008,0.0483686972393338,0.462506047411708,0.000684462696783025,0.0141455624001825,0.0697674418604651,0,0,0.13953488372093,0.0232558139534884,83.0697674418605,39.2527472527473,2.30232558139535,4383,43,0.618360660974708,0.0975609756097561,0.000456308464522017,0.0209901893680128,0.0743782797170888,1.77389083217317,0.010989010989011,0.000912616929044034,0.075091061922107,0,91,-0.194639314516652,0.474805682031401,0.0549450549450549,0.186046511627907,0,0.0861515624895529,0.103897479573401,2.86813186813187,0.636285097192225,0.0322825674135967,0.000720680839191642,1.44932864006788,65,4.00865460267506,2,4.06410290720185,0.00172786177105832,0.290280777537797,0.63021243115657,0.187473002159827,0.730103790613718,2315,8.58990636429124,0.34341252699784,9,7,1.54211663066955,2.49950835791544,0.551930202075393,28.9340659340659,2.57538928978352,27,0.260159513862514,0.000759589821496392,5.61571466344196,7.91302472243735,0,91,0.486207802073758,0.0991264717052791,2633,0.39076282837437,5.58531749905865,0,1,18,0,0,0,0,0,0.0319027725028485,0.0691226737561717,0.0258260539308773,0.0322825674135967,0.0106342575009495,0.0144322066084314,0,0.330041777440182,0.0281048233953665,0.0782377516141284,0.00683630839346753,0.0102544625902013,0.120774781617926,0.0436764147360425,0,0.161412837067983,0.0364603114318268
d8917e9eedea037e2ed53511,pre,infoq,2021-10-19,2021-10,__missing__,__missing__,0.0163800163800164,0.0348075348075348,0.0311220311220311,0.0274365274365274,0.00614250614250614,0.0343980343980344,0.0724815724815725,0.0102375102375102,0.0229320229320229,0.0155610155610156,0.0356265356265356,0.0188370188370188,0.00696150696150696,0.00163800163800164,0,0.00819000819000819,0.00204750204750205,0.00040950040950041,0,0,0.0319410319410319,0,0.00122850122850123,0,0.0503685503685504,0.148239148239148,0.0765765765765766,0.0483210483210483,0.0675675675675676,0.0278460278460278,0,0.0171990171990172,0.131040131040131,0,0.0401310401310401,0,0.0143325143325143,34.1997264021888,6.83994528043776,6.83994528043776,13.6798905608755,13.6798905608755,6.83994528043776,6.83994528043776,17.0998632010944,0.230769230769231,0,0,0.613584968871269,0.186988064591622,4767,2924,8.38256493875845,0.465937319587629,0.215116279069767,0.684296747016148,0.000234027615258601,0.0423589983618067,0.48778320746335,0.000234027615258601,0.0510180201263749,0,0,0,0,0,44.9846153846154,29.5353535353535,1.67692307692308,4273,65,0.694388704814794,0.03125,0,0.0241048443716359,0.0776971682658554,2.00749076954281,0,0.00795693891879242,0.0595686408764122,0.001170138076293,99,-0.0485856186862923,0.550234805579548,0.0707070707070707,0.215384615384615,0,0.0514080348481461,0.0788413074447673,2.24489795918367,0.558906691800188,0.0290745290745291,0.00136099968738926,1.40489004489312,54,3.97610921501706,2,4.21735408354853,0.00518378887841659,0.265786993402451,0.61561433447099,0.267200754005655,0.759970341077608,2122,8.81949098947447,0.414703110273327,9,7,1.37794533459001,2.56174863387978,0.49480131637652,24.9183673469388,2.45495495495495,23,0.227682227682228,0,6.1771689153986,8.60297487520952,0.000942507068803016,98,0.517518445599203,0.0900900900900901,2442,0.551820401464484,6.05841887409047,0,1,24,0,0,0,0,1,0.042997542997543,0.0458640458640459,0.0294840294840295,0.0413595413595414,0.0102375102375102,0.00696150696150696,0,0.235872235872236,0.0524160524160524,0.0667485667485667,0.015970515970516,0.0290745290745291,0.131040131040131,0.0438165438165438,0,0.148239148239148,0.0999180999180999
