feature,combined_partial_spearman,infoq_partial_spearman,jiqizhixin_partial_spearman,source_direction_consistent,combined_feature_length_spearman,loo_direction_stability,permutation_p_value,bh_q_value,ranking_score
surface_quote_mark_density,0.2855092872052182,0.35491578151721187,0.22919835785775164,True,-0.13037058492893566,1.0,0.005398920215956809,0.2861427714457109,0.2855092872052182
surface_dash_density,0.25027627354234583,0.2213385719050714,0.2737540314744741,True,-0.25998977481545915,1.0,0.013797240551889621,0.3355995467573152,0.25027627354234583
surface_url_count_per_1000_cjk,0.24015882220601154,0.2039857506763377,0.26950678589989785,True,-0.3527027799176662,1.0,0.01899620075984803,0.3355995467573152,0.24015882220601154
surface_list_item_ratio,-0.22402034534977808,-0.1719915455683596,-0.2662323904554572,True,0.14987544644517065,1.0,0.03659268146370726,0.387882423515297,0.22402034534977808
hypothesis_emphatic_frames_per_1k_cjk,0.22149090203210564,0.2618696122067126,0.18873081641874523,True,0.18679140809547107,1.0,0.03199360127974405,0.387882423515297,0.22149090203210564
title_colon_present,0.20581137904549174,0.26773141142311446,0.15557437164477894,True,0.11378935988916918,1.0,0.046990601879624075,0.4150836499366793,0.20581137904549174
surface_long_paragraph_ratio,-0.18843473395109803,-0.21121178958701242,-0.16995523598233728,True,0.29265071928807124,1.0,0.07638472305538892,0.5288342331533693,0.18843473395109803
discourse_contrast_markers_per_10k_cjk,0.1739874046079561,0.07887875365971658,0.25115102707539566,True,0.3521325048339008,1.0,0.09658068386322735,0.5288342331533693,0.1739874046079561
title_question_present,0.17373733571115726,0.031730748890756784,0.28895022690506705,True,0.23019033128065447,1.0,0.09658068386322735,0.5288342331533693,0.17373733571115726
surface_comma_density,-0.17293256217653588,-0.14089136666246516,-0.19892824910304607,True,0.19832665560737084,1.0,0.09978004399120176,0.5288342331533693,0.17293256217653588
discourse_directive_markers_per_10k_cjk,-0.1589872442275262,-0.1964037399285308,-0.12863046469652248,True,0.4004997309803806,1.0,0.1247750449910018,0.5837665800173298,0.1589872442275262
hypothesis_abstract_shells_per_1k_cjk,-0.1555367179755336,-0.0846970535018376,-0.2130104080202303,True,0.24014545904353068,1.0,0.1321735652869426,0.5837665800173298,0.1555367179755336
surface_compression_ratio,0.15115546052047507,0.27509891937347913,0.05059755994162273,True,-0.7289120820350805,1.0,0.15256948610277946,0.6111444377791109,0.15115546052047507
title_quote_present,0.1459127879188183,0.19032557420382692,0.1098797726309811,True,0.056776720243086214,1.0,0.16256748650269945,0.6111444377791109,0.1459127879188183
surface_cjk_ratio,-0.13203051979149133,-0.17432439694752175,-0.09771661945735342,True,0.43880093768200357,1.0,0.20335932813437313,0.6160017996400721,0.13203051979149133
discourse_marker_type_coverage,0.12726986791491374,0.11623647964168184,0.1362214848158377,True,0.732091754104234,1.0,0.22915416916616677,0.6160017996400721,0.12726986791491374
surface_paragraph_length_cv,-0.12216110489368298,-0.23601823660928106,-0.029786450860273202,True,0.08190544372493841,1.0,0.2491501699660068,0.6160017996400721,0.12216110489368298
title_digit_present,-0.11984749047627638,-0.10165610688432744,-0.13460653754144247,True,-0.060121397251672204,1.0,0.26774645070985803,0.6160017996400721,0.11984749047627638
hypothesis_referential_sentence_opening_ratio,0.11829086480001653,0.06186504147497329,0.16407030636561765,True,0.3463838598132909,1.0,0.2511497700459908,0.6160017996400721,0.11829086480001653
discourse_enumeration_markers_per_10k_cjk,0.11708396982061597,0.025627946934119454,0.19128413933230182,True,0.30373185547437537,1.0,0.2643471305738852,0.6160017996400721,0.11708396982061597
surface_exact_sentence_repeat_ratio,-0.11411678505889208,-0.012304690610663423,-0.19671905036594553,True,0.19513161123138992,1.0,0.27534493101379726,0.6160017996400721,0.11411678505889208
surface_ascii_letter_ratio,0.11198724975079052,0.18617722488966384,0.05179538312868575,True,-0.36047188859588786,1.0,0.27894421115776846,0.6160017996400721,0.11198724975079052
discourse_all_markers_per_10k_cjk,0.09163572276440368,0.06824114556177156,0.11061622879672785,True,0.34303583015319095,1.0,0.3793241351729654,0.6698483832645236,0.09163572276440368
discourse_hedge_markers_per_10k_cjk,0.09040403660788579,0.13271682498084522,0.05607479321095643,True,0.31490325327934793,1.0,0.3805238952209558,0.6698483832645236,0.09040403660788579
discourse_causal_markers_per_10k_cjk,-0.08499402049081642,-0.15875271540754626,-0.0251520604640356,True,0.37649345751987695,1.0,0.40691861627674464,0.6698483832645236,0.08499402049081642
surface_repeated_char_ngram_ratio,-0.08463883186963599,-0.1478643355671918,-0.03334266849237371,True,0.24782181795114802,1.0,0.4179164167166567,0.6698483832645236,0.08463883186963599
discourse_metadiscourse_markers_per_10k_cjk,0.08039986503629035,0.10473232545583941,0.060658434884580725,True,-0.03127265516837495,1.0,0.44831033793241354,0.6788699402976548,0.08039986503629035
hypothesis_meta_frames_per_1k_cjk,0.061940162963020975,0.05668360444533307,0.0662049179868055,True,0.24201310279088156,1.0,0.5610877824435113,0.8037203370136783,0.061940162963020975
surface_adjacent_sentence_length_change,-0.05057060435218447,-0.06816073932997012,-0.03629936276643384,True,-0.09782346357966229,1.0,0.6292741451709658,0.8337882423515296,0.05057060435218447
title_exclamation_present,-0.032059905069807916,-0.030725435755535713,-0.03314258772100989,True,-0.1893826290572187,0.9791666666666666,0.759248150369926,0.8719575233889393,0.031391990380853586
surface_question_sentence_ratio,-0.030931425755278942,-0.03292095991258055,-0.029317275401241783,True,0.1557262615090538,1.0,0.7700459908018397,0.8719575233889393,0.030931425755278942
discourse_summary_markers_per_10k_cjk,0.14405192264962086,0.3447467052691991,-0.018775919853055843,False,0.10846424156621923,1.0,0.17296540691861628,0.6111444377791109,0.0
surface_exclamatory_sentence_ratio,0.11639139776143911,-0.07073349449978597,0.26820970657715004,False,-0.14518800393351616,1.0,0.26974605078984204,0.6160017996400721,0.0
surface_colon_density,0.09909738389160791,-0.0019033420318273866,0.1810413690747724,False,-0.12448382260971932,1.0,0.33633273345330933,0.6698483832645236,0.0
discourse_booster_markers_per_10k_cjk,0.08898476469304512,-0.02424327038114883,0.18084901956456093,False,0.31804072215330015,1.0,0.3879224155168966,0.6698483832645236,0.0
surface_digit_ratio,0.08970998872380191,-0.06519856967836662,0.2153905172387688,False,-0.3608225686438023,1.0,0.3919216156768646,0.6698483832645236,0.0
surface_punctuation_density,0.088007985406486,-0.08542749330194471,0.22871978888691089,False,-0.17530033185930563,1.0,0.3957208558288342,0.6698483832645236,0.0
surface_mean_paragraph_cjk_chars,-0.0814439654563108,0.13826268433966032,-0.25969653038511753,False,0.12795845421796967,1.0,0.4283143371325735,0.6698483832645236,0.0
surface_mean_sentences_per_paragraph,-0.08277523399953579,0.12924988507954888,-0.2547956136297365,False,0.19011317242526216,1.0,0.4297140571885623,0.6698483832645236,0.0
surface_short_paragraph_ratio,0.06624560039015477,-0.06869154403314919,0.175722906243024,False,0.19622223692239557,1.0,0.5340931813637273,0.786303850341043,0.0
surface_exact_paragraph_repeat_ratio,0.05897971020889611,-0.2056198419413096,0.2736548185571762,False,0.2235036270457137,1.0,0.5902819436112777,0.8232879739841504,0.0
hypothesis_complete_contrast_frames_per_1k_sentences,0.05028523647408775,0.13142848518803674,-0.015547965312701051,False,0.32668887363197485,0.9895833333333334,0.6256748650269947,0.8337882423515296,0.0
title_body_cjk_type_overlap,-0.04211344156392975,-0.12901443584580358,0.028391138702496186,False,0.2440800031969299,1.0,0.6950609878024395,0.8719575233889393,0.0
surface_semicolon_density,0.03898172535134563,-0.028082167427191,0.09339205345468665,False,0.18117852690449715,1.0,0.7070585882823436,0.8719575233889393,0.0
surface_parenthesis_density,-0.03575419896340324,-0.08204296006210092,0.0018008336261062029,False,0.05372882536253247,1.0,0.7286542691461708,0.8719575233889393,0.0
surface_sentence_length_cv,-0.032757117173538984,-0.07711120159318025,0.0032282720725850577,False,0.00017270815454678567,1.0,0.74625074985003,0.8719575233889393,0.0
discourse_framing_markers_per_10k_cjk,0.02958048730456658,-0.049850785549711625,0.09402472754483003,False,0.15686152268714604,0.9791666666666666,0.7732453509298141,0.8719575233889393,0.0
surface_paragraph_opening_repeat_ratio,-0.024446552653503543,-0.11883216655812648,0.05213045485402073,False,0.17065110380036358,0.9791666666666666,0.8192361527694461,0.9045732520162634,0.0
surface_sentence_opening_repeat_ratio,-0.01805941595320492,0.08670229470390173,-0.10305476610897069,False,0.4009703001847171,0.9583333333333334,0.862627474505099,0.933046043852454,0.0
surface_sentence_length_autocorrelation,0.010841908269057891,-0.12506761328526472,0.12110812386973471,False,0.18090670452767166,0.8541666666666666,0.9132173565286943,0.9497331302970176,0.0
title_ascii_letter_ratio,0.009843199330986638,0.13230809638631919,-0.08951511337428315,False,-0.17526629963240192,0.8125,0.9198160367926415,0.9497331302970176,0.0
surface_period_density,-0.009624580923219035,0.02036831228470071,-0.0339584376768143,False,0.08931945821508258,0.8229166666666666,0.9318136372725455,0.9497331302970176,0.0
surface_mean_sentence_cjk_chars,-0.004039036276612194,0.050685315484755876,-0.04843803864904289,False,0.05978855248087821,0.6770833333333334,0.9704059188162367,0.9704059188162367,0.0
